,word1,word2,label
0,аккордовый,квадрат,0
1,целый,цельный,1
2,женский,господний,0
3,обличительный,динамизм,0
4,сыскать,снискать,1
5,начертать,начертить,1
6,фактичный,ординарный,0
7,личностный,личный,1
8,чеканный,чеканочный,1
9,методистский,антипедагогический,0
10,хлеборобный,хлеборобский,1
11,гневливый,обезденежеть,0
12,героизм,дудочный,0
13,знамя,глинистый,0
14,игристый,игривый,1
15,демократический,чиновничий,0
16,светить,светлить,1
17,автоматичный,автоматический,1
18,цикличный,циклический,1
19,накрапывать,накрапливать,1
20,статичный,артистический,0
21,надувательский,надувательный,1
22,земляной,земной,1
23,рогастый,собственный,0
24,хвостистый,избирательский,0
25,безголосный,морозный,0
26,мистичный,зимовник,0
27,двойственный,двоякий,1
28,желтеть,насильственно,0
29,полированный,цепенить,0
30,возраст,рост,1
31,диктат,горловина,0
32,опытный,сыскать,0
33,глубинный,глубокий,1
34,неврастенический,неврастеничный,1
35,могущественный,могучий,1
36,трубчатый,трубочный,1
37,конъюнктура,соседский,0
38,швейцар,швейцарец,1
39,героический,геройский,1
40,монистичный,монистический,1
41,словарный,производство,0
42,иголочный,безгласный,0
43,рисуночный,отходный,0
44,гадальный,гадательный,1
45,нитчатый,ниточный,1
46,разный,фазаний,0
47,придворный,дворовый,1
48,педагогичный,педагогический,1
49,энциклопедический,энциклопедичный,1
50,астматичный,пугливый,0
51,рачий,непонятный,0
52,отклик,адресант,0
53,огородить,оградить,1
54,виноватый,виновный,1
55,газовик,газовщик,1
56,эффектный,стихотворный,0
57,мелодраматический,мелодраматичный,1
58,гагаровый,гагарий,1
59,зернистый,токсический,0
60,методистский,методический,1
61,обездушеть,обездушить,1
62,ответственный,ответный,1
63,оппортунистичный,лирический,0
64,огородить,депрессия,0
65,романтичный,романтический,1
66,малопонятливый,малопонятный,1
67,поручительный,поручительский,1
68,примотать,приметать,1
69,ниточный,нитчатый,1
70,хвостистый,хвостистский,1
71,реалистичный,реалистический,1
72,клеточный,клетчатый,1
73,уклоняться,отклоняться,1
74,разодеть,раздеть,1
75,гневный,признательный,0
76,светлить,проследовать,0
77,лиричный,лирический,1
78,обездушить,обездушеть,1
79,фланелевый,фланельный,1
80,дудочный,монтаж,0
81,представить,предоставить,1
82,соседский,соседний,1
83,живучий,живительный,1
84,обезводеть,обезводить,1
85,варенный,коллекторный,0
86,головешки,головашки,1
87,полированный,полировочный,1
88,фабрикант,фабрикат,1
89,тень,темь,1
90,ловкий,эстетный,0
91,накрапливать,обезножить,0
92,испытательский,искусный,0
93,демонстративный,эскалатор,0
94,накрапливать,вспоминать,0
95,осиротеть,осиротить,1
96,экономичный,экономический,1
97,мучительный,мучительский,1
98,ломить,ломать,1
99,бывалый,благодарный,0
100,доходчивый,доходный,1
101,гарант,гарантия,1
102,академический,академичный,1
103,телевизионник,телевизионщик,1
104,экологический,экологичный,1
105,полировочный,возмутительный,0
106,поспешный,комитент,0
107,дарственная,дар,1
108,цепенеть,цепенить,1
109,домовой,домовый,1
110,слоновий,слоновый,1
111,хозяйственный,интеллигентский,0
112,летательный,летальный,1
113,гидрат,гидрант,1
114,эффективность,производство,0
115,седельчатый,седельный,1
116,мелодичный,мелодический,1
117,полемический,вдовый,0
118,наедине,в одиночестве,1
119,перегородчатый,гончарный,0
120,рисковой,рисковый,1
121,камчатный,великанский,0
122,оградить,огородить,1
123,лесной,бедняга,0
124,гордость,гордыня,1
125,будний,орлиный,0
126,духовный,духовой,1
127,овчарня,овчарка,1
128,контратака,стекольный,0
129,весёлый,увеселительный,1
130,малоудачливый,малоудачный,1
131,новация,инновация,1
132,покупательный,покупательский,1
133,беззаконие,беззаконность,1
134,взаимопонимание,понимание,1
135,палатный,палаточный,1
136,сытный,досадливо,0
137,неприглядный,памятный,0
138,черстветь,иголочный,0
139,технологический,именной,0
140,отборный,крашеный,0
141,даровой,юмористический,0
142,сломленный,вымысел,0
143,вспрыгнуть,газовик,0
144,обязать,обвязать,1
145,болотный,болотистый,1
146,правительский,ветряной,0
147,различать,обезглавить,0
148,антипатический,венерологический,0
149,антипедагогичный,холодить,0
150,авантюрист,авантюрин,1
151,заразный,заразительный,1
152,экзерциции,штурмовик,0
153,этический,этичный,1
154,бородастый,бородатый,1
155,разодеть,наёмный,0
156,искусный,одноручный,0
157,воинствующий,воинственный,1
158,заживать,заживлять,1
159,бедственный,бедный,1
160,оппортунистический,оппортунистичный,1
161,глубокий,гнилой,0
162,чеканный,популистский,0
163,воедино,подписать,0
164,днище,дно,1
165,связываться,оформительский,0
166,обрывок,удалой,0
167,простудливый,простудный,1
168,мобилизировать,вечный,0
169,интернет,обезземелить,0
170,пуганый,пугливый,1
171,породить,породнить,1
172,воинский,стеклянный,0
173,яблочный,упадочнический,0
174,кокетка,кокотка,1
175,группа,группировка,1
176,жестокий,жёсткий,1
177,четырёхручный,жавороночий,0
178,ветровой,ветряной,1
179,яблочный,яблоневый,1
180,эстетический,произнесение,0
181,диктат,диктант,1
182,стрелочный,цвета,0
183,динамичный,гагаровый,0
184,переливочный,переливчатый,1
185,фланельный,живительный,0
186,истеричный,истерический,1
187,бродячий,бродяжий,1
188,системный,систематический,1
189,интернет,трагический,0
190,кардинальский,кардинальный,1
191,кардинальный,кардинальский,1
192,червить,вздеть,0
193,опасный,мелодический,0
194,эстетический,эстетичный,1
195,ломать,ломить,1
196,невинный,могильник,0
197,исторический,наличие,0
198,кожный,вдовий,0
199,популистский,динамизм,0
200,склочный,дидактичный,0
201,тягостный,тяжкий,1
202,разместить,поместить,1
203,астматический,монистичный,0
204,ненаглядный,затруднённый,0
205,грамматичный,грамматический,1
206,гостиничный,сопротивление,0
207,желтить,днище,0
208,видение,видение,1
209,заглавный,отрывок,0
210,вакансия,старательный,0
211,антипедагогичный,антипедагогический,1
212,собственнический,собственный,1
213,мечтательный,вдохнуть,0
214,ординарный,ординарческий,1
215,великаний,неорганический,0
216,скобчатый,скобочный,1
217,заводской,ковочный,0
218,англиканский,спасательный,0
219,добровольный,добровольческий,1
220,синеть,сопротивление,0
221,грамматичный,огреть,0
222,Финско-,личностный,0
223,декларационный,собирательный,0
224,пропавший,гармонический,0
225,осветлитель,осветитель,1
226,вдовый,вдовий,1
227,реалистический,реалистичный,1
228,шутливый,эффективность,0
229,полюс,человеческий,0
230,старинный,старый,1
231,увеселительный,благоустройство,0
232,решимость,бедняга,0
233,орлёный,покупательский,0
234,поворотливый,вакация,0
235,праздничный,праздный,1
236,перегородочный,беззаконность,0
237,прибавить,добавить,1
238,доходить,заходить,1
239,темь,тень,1
240,гнездовье,гнездо,1
241,посёлок,сдвоенный,0
242,малахитовый,малахитный,1
243,абстракция,оговорка,0
244,неограниченный,безграничный,1
245,мороженый,эффективность,0
246,Камчатский,штатский,0
247,чувственный,чувствительный,1
248,переродниться,воедино,0
249,отдышка,игральный,0
250,обхватить,керосинный,0
251,веселеть,веселить,1
252,сапожный,сапожничий,1
253,заглавный,конъюнктура,0
254,садовнический,садовничий,1
255,фантастичный,фантастический,1
256,ритмический,ритмичный,1
257,цепенеть,архаичный,0
258,вывёртываться,увёртываться,1
259,породнить,акселерат,0
260,экзерциции,тягостный,0
261,черепаховый,акулий,0
262,демократический,демократичный,1
263,добавка,надбавка,1
264,производственный,производный,1
265,терпеливость,централизованный,0
266,цвета,цветы,1
267,героический,холодеть,0
268,кардинальный,фанатический,0
269,вороний,собственнический,0
270,темнить,беззаконность,0
271,глубинный,сценический,0
272,логичный,сеточный,0
273,гордыня,гордость,1
274,животный,живой,1
275,ювелирный,наличие,0
276,сытно,зубы,0
277,обвинительский,обвинительный,1
278,педагогический,педагогичный,1
279,громкий,ребячливый,0
280,бывший,действительный,0
281,униженный,артельский,0
282,зеленить,зеленеть,1
283,изыскательский,изыскательный,1
284,строительный,строительский,1
285,осудить,обсудить,1
286,нафталин,ближний,0
287,каменистый,каменный,1
288,атака,осиротеть,0
289,вера,доверие,1
290,гармония,дисгармония,1
291,зачинатель,мечтательный,0
292,действо,действие,1
293,безделица,бездельница,1
294,обжорливый,артистический,0
295,фанатический,взрослить,0
296,критический,обсуждение,0
297,бывший,бывалый,1
298,докучливый,докучный,1
299,ироничный,иронический,1
300,мистический,мистичный,1
301,обвинительный,обвинительский,1
302,тематика,надеть,0
303,языковой,языковый,1
304,рогатый,рогастый,1
305,клеёночный,клеёнчатый,1
306,малоудачный,циничный,0
307,конъюнктура,озлить,0
308,изысканный,сломленный,0
309,ограниченность,возмутительный,0
310,несоизмеримый,мифичный,0
311,дружественный,иронический,0
312,чеканочный,чеканный,1
313,личный,личностный,1
314,стяжательный,стяжательский,1
315,вариант,инвариант,1
316,доминантный,доминантовый,1
317,дифференциальный,аристократический,0
318,сопротивляемость,сопротивление,1
319,главный,дельный,0
320,анекдотический,потребительский,0
321,столовый,маститый,0
322,рыболовецкий,рыболовный,1
323,узорчатый,узорный,1
324,иждивенчество,иждивенство,1
325,безумие,безумство,1
326,стеклянный,стекольный,1
327,достоинство,коричневый,0
328,формант,формат,1
329,произнесение,дарственная,0
330,блуждать,проверка,0
331,неудачливый,произвольный,0
332,Антарктика,черепаховый,0
333,невинный,достояние,0
334,глупить,раскольнический,0
335,представительный,начертить,0
336,информативный,экскаватор,0
337,крючкотворный,крючкотворский,1
338,синить,благодарственный,0
339,искательский,ошеек,0
340,эскалатор,экскаватор,1
341,меланхоличный,каменный,0
342,доверие,доверительность,1
343,подписать,выписать,1
344,осветлить,добровольный,0
345,добычливый,добычный,1
346,отписка,описка,1
347,дудчатый,дудочный,1
348,интернет,оживлять,0
349,демобилизировать,мобилизировать,1
350,желтить,бородатый,0
351,экскаватор,эскалатор,1
352,продуктивный,продуктовый,1
353,Ганнибал,каннибал,1
354,вафельница,вафельщица,1
355,шумный,шумовой,1
356,грамматичный,вафельница,0
357,обезлюдить,обезлюдеть,1
358,гражданский,просветительный,0
359,сломленный,сломанный,1
360,единственный,возлагать,0
361,гнездо,угодливый,0
362,непроницательный,фабрикант,0
363,распутница,распутица,1
364,достигать,воскресение,0
365,кормильщица,кормилица,1
366,жизненный,житейский,1
367,подживлять,деляческий,0
368,атавистический,атавистичный,1
369,приветный,приветственный,1
370,цепенить,цепенеть,1
371,тяготить,тяготеть,1
372,тягостно,чувствительный,0
373,обрывчатый,вассальский,0
374,оглупеть,термальный,0
375,просёлок,посёлок,1
376,чудной,чудный,1
377,вакхальный,вакханальный,1
378,гуманизм,наедине,0
379,останки,вздеть,0
380,рыболовецкий,разборчивый,0
381,иноверческий,бережность,0
382,кожный,кожаный,1
383,артельский,вдохнуть,0
384,регенерация,дегенерация,1
385,публицистичный,грубеть,0
386,этичный,простак,0
387,сравнимый,квадрант,0
388,мельничный,памятливый,0
389,коричневый,атака,0
390,дружественный,дружеский,1
391,юмористка,юмореска,1
392,ограниченность,обрывчатый,0
393,насильно,удвоенный,0
394,маслянистый,масляный,1
395,добавка,опаршиветь,0
396,типичный,типический,1
397,приютный,приютский,1
398,настоятельский,отличие,0
399,гнездовье,мужичий,0
400,пугливый,благодарственный,0
401,бурав,шляпный,0
402,классный,классовый,1
403,обделить,клёв,0
404,расточительный,истребительный,0
405,угодливый,угодный,1
406,хищный,хищнический,1
407,распутица,распутница,1
408,прожигательный,стрелчатый,0
409,оцепенеть,чувственный,0
410,вешала,живительный,0
411,запасливый,симптоматичный,0
412,раскольничий,внеклассовый,0
413,деловитый,высотный,0
414,прозаический,прозаичный,1
415,дармоедный,дармоедский,1
416,выучить,волнующий,0
417,непроницаемый,тема,0
418,полнеть,полнить,1
419,варочный,варкий,1
420,фактичный,фактический,1
421,мудрить,интранет,0
422,церковничий,церковнический,1
423,стеклеть,шляпочный,0
424,осветитель,симптоматический,0
425,дымный,дымовой,1
426,оцепенеть,оцепенить,1
427,внеклассный,внеклассовый,1
428,иноверческий,ремесленный,0
429,рождать,рожать,1
430,бобр,сравнимый,0
431,маслянистый,холодильщик,0
432,возмутительный,возмущённый,1
433,технический,преемник,0
434,пугливый,иноверный,0
435,стихотворный,стихотворческий,1
436,романтический,просветительный,0
437,коллекторный,коллекторский,1
438,невиновный,астронавт,0
439,мелодика,мелодия,1
440,реалистический,клетчатый,0
441,меланхолический,досадливо,0
442,высший,вышний,1
443,грецкий,греческий,1
444,дипломатика,мифический,0
445,обсудить,осудить,1
446,подача,выдача,1
447,вообще,в общем,1
448,старинный,мужицкий,0
449,отборник,рыболовецкий,0
450,интеллигентный,безвинный,0
451,централизованный,хлебопашеский,0
452,индейский,обезводить,0
453,демократия,демократичность,1
454,ребячий,обделить,0
455,палатный,скотский,0
456,экономика,досадливый,0
457,стрелчатый,шляпный,0
458,вассальский,зубастый,0
459,цветастый,цветистый,1
460,досадный,желтить,0
461,камчатный,выгодность,0
462,швейцарец,покупательный,0
463,холодеть,достигать,0
464,мифический,мифичный,1
465,помета,пометка,1
466,ребристый,ребрастый,1
467,на дыбы,дыбом,1
468,чудный,чудной,1
469,заводной,заводской,1
470,разграничить,романтичный,0
471,старательный,старательский,1
472,лавочнический,лавочный,1
473,великанский,великаний,1
474,обеднить,гражданственный,0
475,дыбом,на дыбы,1
476,владеть,обладать,1
477,гармония,аккордный,0
478,бедственный,премьерский,0
479,патриотический,гордый,0
480,терпимость,единоверческий,0
481,примотать,окаменить,0
482,циничный,английский,0
483,черви,словарный,0
484,законодательный,законодательский,1
485,вороний,раскольничий,0
486,дно,разборочный,0
487,исходный,исходящий,1
488,сочинительский,сочинительный,1
489,коричневый,опасливо,0
490,оформительный,различать,0
491,вакация,теоретичный,0
492,ледовый,помета,0
493,безграничный,неизмеримый,0
494,напоминание,отдельский,0
495,соседний,дружественный,0
496,апокрифический,апокрифичный,1
497,заблудиться,заблуждаться,1
498,интранет,интернет,1
499,гнездовье,пионерный,0
500,глубинный,масляный,0
501,спасательный,оклик,0
502,длинный,длительный,1
503,мелкотравный,мелкотравчатый,1
504,памятливый,обезлюдить,0
505,гончарный,гончарский,1
506,сыскать,экскаватор,0
507,довольствие,довольство,1
508,гидрант,опасно,0
509,обезрыбеть,отклонение,0
510,спасательный,спасительный,1
511,наблюдательный,шнурок,0
512,почтенный,почтительный,1
513,активизировать,обрывочный,0
514,поспешный,псарский,0
515,понятный,понятливый,1
516,иноверческий,умственный,0
517,инвариант,лирик,0
518,отборный,отборочный,1
519,холодильник,женский,0
520,обстоятельный,обстоятельственный,1
521,дождевой,дождливый,1
522,командированный,командировочный,1
523,гармонический,гармоничный,1
524,крестный,крёстный,1
525,породнить,сатирический,0
526,взбитый,сбитый,1
527,уклонение,отклонение,1
528,горячий,дарственная,0
529,оглупить,оглупеть,1
530,энциклопедичный,волосистый,0
531,правительский,жалостно,0
532,идеалистичный,идеалистистический,1
533,холодить,холодеть,1
534,расточительный,желательный,0
535,экзерциции,экзерсисы,1
536,академический,холодильщик,0
537,непонятный,полис,0
538,рыбный,рыбий,1
539,кожаный,мистический,0
540,производство,редеть,0
541,варёный,осветить,0
542,увёртываться,терпеливость,0
543,добротный,добрый,1
544,сетчатый,мистичный,0
545,историчный,дудчатый,0
546,переродиться,переродниться,1
547,ближний,близкий,1
548,венерический,венерологический,1
549,воскресенье,беззаконность,0
550,взаимопонимание,добычливый,0
551,виноватый,шумный,0
552,гидрант,гидрат,1
553,опытный,заразительный,0
554,обрывочный,обрывчатый,1
555,скрытый,скрытный,1
556,леденеть,леденить,1
557,фантазирование,флегматический,0
558,микроскопический,черепаховый,0
559,широкий,гнилостный,0
560,эффектный,эффективный,1
561,невинный,злостный,0
562,экологический,аритмичный,0
563,склочнический,головашки,0
564,отплатить,оплатить,1
565,представительский,представительный,1
566,единый,цепенеть,0
567,редеть,кондукторный,0
568,пастушонок,пастушок,1
569,демонстративный,скрытный,0
570,бережливость,густить,0
571,происки,обезлошадеть,0
572,существо,сущность,1
573,автобиографический,автобиографичный,1
574,советчик,советник,1
575,идиотичный,идиотический,1
576,элитарный,элитный,1
577,собирательный,апокрифический,0
578,фанатичный,фанатический,1
579,безответный,безответственный,1
580,изнашиваемость,плавки,0
581,антагонистичный,антагонистический,1
582,человечный,человеческий,1
583,дедушкин,дедовский,1
584,вассальный,вассальский,1
585,великанский,апокрифичный,0
586,отречение,отрешение,1
587,фантастический,неорганичный,0
588,спусковой,спускной,1
589,столовый,двойняшки,0
590,подвижнический,борзый,0
591,водяной,безыскусный,0
592,командировочный,командированный,1
593,методистский,отречение,0
594,пророческий,пророчественный,1
595,гневливый,гласность,0
596,чубастый,чубатый,1
597,изучить,выучить,1
598,будний,будничный,1
599,потребительский,потребительный,1
600,наполнить,черепаший,0
601,вешала,взойти,0
602,тактичный,тактический,1
603,земляной,провиниться,0
604,формат,формант,1
605,несоизмеримый,обезглаветь,0
606,начертить,начертать,1
607,широтный,широкий,1
608,изысканный,взыскательный,1
609,настоятельный,настоятельский,1
610,благотворительный,благотворный,1
611,притягательный,техничный,0
612,архаичный,архаический,1
613,техничный,технический,1
614,волосистый,дефективный,0
615,коричный,вафельщица,0
616,масличный,масленый,1
617,вымысел,измышление,1
618,наёмничий,комичный,0
619,вздеть,шляпочный,0
620,оболванеть,оболванить,1
621,понедельничный,информативный,0
622,блуждать,единовременный,0
623,сводчатый,сводный,1
624,испытательный,холопский,0
625,испытательный,испытательский,1
626,проступок,гнездо,0
627,бунтарь,бунтовщик,1
628,земной,земляной,1
629,уклонение,благотворный,0
630,астронавт,демонстративный,0
631,зубы,провиниться,0
632,нафталин,столовский,0
633,настигать,достигать,1
634,фабрикат,воспитательский,0
635,хозяйственный,хозяйский,1
636,деспотизм,обязать,0
637,близкий,ближний,1
638,сущность,существо,1
639,ненаглядный,вздеть,0
640,фабрикат,фабрикант,1
641,аритмичный,аритмический,1
642,гашёный,гашенный,1
643,яловый,яловочный,1
644,различать,седельный,0
645,деловитый,деловой,1
646,концепт,соседский,0
647,фабрикат,талант,0
648,отклонение,уклонение,1
649,изобретательский,обвязать,0
650,просветительский,просветительный,1
651,гостиничный,гостинный,1
652,фактор,факт,0
653,заодно,гуманность,0
654,житейский,жизненный,1
655,законодательский,безвинный,0
656,стрелочный,малахитный,0
657,пометка,помета,1
658,сытно,бережливость,0
659,величие,величина,1
660,дедовский,дедушкин,1
661,огреть,обогреть,1
662,пополнить,наполнить,1
663,динамический,динамичный,1
664,именитый,именной,1
665,оборотный,оборотливый,1
666,белить,белеть,1
667,стрелец,отгрызаться,0
668,пастуший,кожный,0
669,охватить,циклический,0
670,меланхолический,меланхоличный,1
671,антагонистический,антагонистичный,1
672,душевность,духовность,1
673,дождевой,уклонение,0
674,ветряной,ветровой,1
675,военный,церковничий,0
676,безвинный,пометка,0
677,демократичность,демократия,1
678,бедный,бедственный,1
679,обезлошадеть,мудрить,0
680,рыболовный,доверие,0
681,оклик,наблюдательский,0
682,безграмотный,неграмотный,1
683,истребительский,неограниченный,0
684,термический,господний,0
685,аритмический,аритмичный,1
686,обогреть,штурмовик,0
687,солитёр,отходчивый,0
688,гарантированный,гарантийный,1
689,глупить,глупеть,1
690,нетерпимо,разодеть,0
691,порумянить,порумянеть,1
692,симптоматический,мелкотравный,0
693,озлеть,озлить,1
694,гуманистический,сдвинуть,0
695,информативный,информационный,1
696,обезденежеть,светить,0
697,апокрифический,почтенный,0
698,отклик,доходный,0
699,прожигательский,прожигательный,1
700,дегенерация,регенерация,1
701,диалектизм,диалект,1
702,дипломатика,дипломатия,1
703,юродивый,юродливый,1
704,полемический,усвоить,0
705,мастистый,дедушкин,0
706,вольный,лобный,0
707,пакостливый,человеческий,0
708,мистичный,явно,0
709,восполнить,заполнить,1
710,охотно,гнутый,0
711,упоминание,подхалимный,0
712,соляровый,докучливо,0
713,подбородник,сатиричный,0
714,знамение,знамя,1
715,подхалимский,пополнить,0
716,в одиночестве,наедине,1
717,длительный,длинный,1
718,бабий,луковый,0
719,крокодиловый,крокодилий,1
720,войти,взойти,1
721,дудчатый,собственнический,0
722,длинный,городничий,0
723,инженерский,пуганый,0
724,анархичный,анархический,1
725,цикличный,гадательный,0
726,самодурский,самодурный,1
727,обзолотить,хлебопашенный,0
728,осуждение,обсуждение,1
729,червиветь,добрый,0
730,затруднённый,затруднительный,1
731,сетчатый,сеточный,1
732,достигать,зрительный,0
733,наличность,адресант,0
734,рабочий,зловещий,0
735,отклоняться,уклоняться,1
736,остепенить,мучительский,0
737,разграничить,охватить,0
738,керосиновый,керосинный,1
739,вешала,пьянеть,0
740,обрывчатый,обрывочный,1
741,увеселительный,весёлый,1
742,фантазёрство,фантазирование,1
743,атавистичный,атавистический,1
744,действительный,действенный,1
745,динамизм,зеленеть,0
746,генеральский,борзой,0
747,вороний,вороновый,1
748,чеканный,швейцар,0
749,унизительный,униженный,1
750,раковый,рачий,1
751,рисуночный,рисунчатый,1
752,производительность,производство,1
753,псарный,псарский,1
754,системный,движитель,0
755,инвариант,досадный,0
756,изучить,стеклить,0
757,связываться,вязаться,1
758,разграничить,формант,0
759,иронический,ироничный,1
760,двойной,двоичный,1
761,высокий,бородатый,0
762,обезножить,обезножеть,1
763,знамя,знамение,1
764,угодный,знамя,0
765,пророческий,наедине,0
766,бородастый,шумовой,0
767,обезденежить,обезденежеть,1
768,бур,вспыльчивость,0
769,беженец,ироничный,0
770,слоновий,обезводить,0
771,бесчувствие,бесчувственность,1
772,прожигательный,прожигательский,1
773,энциклопедичный,подвижнический,0
774,борзый,экзерциции,0
775,протрезвить,отличие,0
776,чубатый,чубастый,1
777,горло,сводчатый,0
778,осуждение,широтный,0
779,безгласный,негласный,1
780,блистать,блестеть,1
781,хозяйственный,единоверный,0
782,блудить,блуждать,1
783,психологичный,доверие,0
784,великий,поворотный,0
785,проследовать,последовать,1
786,Финно-,лирический,0
787,озолотить,бывалый,0
788,ароматический,ароматичный,1
789,представиться,преставиться,1
790,нетерпимый,конфузливо,0
791,аспирант,единоверный,0
792,золотеть,мелодичный,0
793,венерологический,венерический,1
794,безыскусственный,обезлюдеть,0
795,единичный,пьянеть,0
796,наследство,пластический,0
797,обидный,варкий,0
798,нарастить,высший,0
799,декларативный,декларационный,1
800,интеллигентский,интеллигентный,1
801,безыскусный,безыскусственный,1
802,испытательский,словесный,0
803,снискать,сыскать,1
804,протрезвить,протрезветь,1
805,собственный,собственнический,1
806,аспират,отписка,0
807,перетерпеть,претерпеть,1
808,защитительный,политический,0
809,автономия,автономность,1
810,кокотка,продуктивный,0
811,вырастить,нарастить,1
812,трубочный,трубчатый,1
813,информация,информированность,1
814,популистский,популярный,1
815,черстветь,кокотка,0
816,варенье,авантюрин,0
817,пакостный,пакостливый,1
818,просительский,дельфиний,0
819,типичный,газовик,0
820,горделивый,ненаглядный,0
821,дипломант,крестный,0
822,побуждать,возбуждать,1
823,циничный,цинический,1
824,индийский,индейский,1
825,жабный,горючий,0
826,червиветь,червить,1
827,возбуждать,отрешение,0
828,шелковистый,дегенерация,0
829,охладить,охладеть,1
830,произвольный,оглупеть,0
831,метафизический,кормильщица,0
832,лирник,лирик,1
833,пастель,приютский,0
834,малахитовый,микроскопичный,0
835,ребрастый,подбородок,0
836,подвижный,варение,0
837,обезлошадить,адресант,0
838,запасный,запасливый,1
839,отличать,комический,0
840,фабрикат,сочинительский,0
841,мужицкий,мужичий,1
842,досадливо,досадно,1
843,беззаконность,беззаконие,1
844,Антарктика,Арктика,1
845,метафизичный,метафизический,1
846,завидный,неорганический,0
847,перепончатый,вскрытие,0
848,психологический,психологичный,1
849,кормилица,злой,0
850,декорационный,декоративный,1
851,эстетический,желательный,0
852,горючий,начертать,0
853,примотать,неврастенический,0
854,провиниться,автоматический,0
855,пристойно,добровольческий,0
856,усвоить,освоить,1
857,тесёмчатый,гордый,0
858,деспотичный,деспотический,1
859,приветственный,стеклеть,0
860,исток,источник,1
861,ванная,логический,0
862,учредительный,учредительский,1
863,каннибал,отходчивый,0
864,чудаческий,экономический,0
865,отпечатки,опечатки,1
866,жалостный,заразный,0
867,озолотеть,озолотить,1
868,прозаический,переродиться,0
869,незаметный,отклик,0
870,трагичный,фантастический,0
871,червить,червиветь,1
872,мудрить,мудреть,1
873,черви,червы,1
874,благоустроенность,благоустройство,1
875,фактор,обезденежить,0
876,конский,конный,1
877,инородческий,веселеть,0
878,оцепенеть,комфортный,0
879,аристократичный,аристократический,1
880,геройский,героический,1
881,могучий,сапожничий,0
882,чернить,мифический,0
883,стать,венец,0
884,сбитый,взбитый,1
885,отличие,одиночный,0
886,посёлок,просёлок,1
887,защитительный,гуманистический,0
888,действенный,действительный,1
889,подвижнический,подвижный,1
890,воинский,военный,1
891,городничий,городовой,1
892,клеёночный,астронавт,0
893,пластичный,звуковой,0
894,деспотизм,вбежать,0
895,дифференцированный,дифференциальный,1
896,мелодраматичный,мелодраматический,1
897,вакханальный,вакхальный,1
898,знамя,эфирный,0
899,жилищный,жилой,1
900,бывалый,бывший,1
901,фантазирование,фантазёрство,1
902,обессилеть,обессилить,1
903,одновременный,орлиный,0
904,холодильник,осудить,0
905,домоправление,домоуправление,1
906,гостиничный,романтический,0
907,оформительный,оформительский,1
908,языковый,языковой,1
909,ритмичный,ритмический,1
910,раздеть,памятливый,0
911,крючкотворский,крючкотворный,1
912,ребячливый,мелодраматический,0
913,удвоенный,сдвоенный,1
914,отборщик,отборник,1
915,демонтаж,меланхолический,0
916,декларационный,декларативный,1
917,червы,черви,1
918,публицистичный,фактичный,0
919,обсуждение,осуждение,1
920,живительный,живучий,1
921,бродяжий,пластичный,0
922,седельчатый,масленый,0
923,исток,несоизмеримый,0
924,обезножить,доходчивый,0
925,адресант,адресат,1
926,произвольный,вольный,1
927,временщик,реалистичный,0
928,опечатать,отпечатать,1
929,раскрытие,вскрытие,1
930,благоустроенность,сладкий,0
931,патриотичный,патриотический,1
932,волнующий,волнительный,1
933,аргонавт,усатый,0
934,воинствующий,безделица,0
935,опасно,опасливо,1
936,фен,фён,1
937,малоудачный,фактический,0
938,неудачливый,игольчатый,0
939,ироничный,вышний,0
940,дно,здравица,0
941,приметный,приметливый,1
942,декларативный,зернистый,0
943,вегетационный,морозный,0
944,ковочный,ковкий,1
945,грибное,генеральский,0
946,широкий,широтный,1
947,проблематичный,выжидающий,0
948,доходчивый,в одиночестве,0
949,статический,статичный,1
950,побуждать,зимовник,0
951,жалостливый,жалостный,1
952,приглядливый,производительность,0
953,удачливо,незаметный,0
954,подголовок,проглотить,0
955,кардинальный,пьянеть,0
956,сатиричный,сатирический,1
957,братний,вековой,0
958,педагогичный,останки,0
959,решительность,мастистый,0
960,комичный,комический,1
961,хищнический,хищный,1
962,нетерпимо,нестерпимо,1
963,меланхолический,коричный,0
964,вешала,унизительный,0
965,блистать,потребительский,0
966,неграмотный,мечтательный,0
967,подбор,выбор,1
968,искательский,школьный,0
969,глинистый,преемник,0
970,дармоедский,дармоедный,1
971,обезрыбить,новация,0
972,провиниться,возбуждать,0
973,жабный,жабий,1
974,заплатить,ябедный,0
975,отряхнуть,стряхнуть,1
976,покорный,мелкотравчатый,0
977,горловина,лакировочный,0
978,дерзать,дерзить,1
979,накрапывать,методика,0
980,собирательный,собирательский,1
981,досадный,досадливый,1
982,рабочий,инородческий,0
983,выжидающий,мистический,0
984,аристократический,аристократичный,1
985,заразительный,заразный,1
986,теоретический,отборник,0
987,травматический,горный,0
988,инородческий,школьный,0
989,выдача,чубатый,0
990,выплатить,соляровый,0
991,эскалатор,признанный,0
992,графичный,волнительный,0
993,экскаватор,рисуночный,0
994,обессилить,обессилеть,1
995,пьянеть,пьянить,1
996,кондукторный,рост,0
997,обрывок,вакханальный,0
998,парламентский,парламентёрский,1
999,возмущённый,возмутительный,1
1000,благоустроенность,упадочный,0
1001,поспешный,парламентёрский,0
1002,пакостливый,пакостный,1
1003,докучный,докучливый,1
1004,штурмовщик,штурмовик,1
1005,зеленить,насильственно,0
1006,российский,русский,1
1007,вскрытие,раскрытие,1
1008,червы,заживлять,0
1009,восприемник,типичный,0
1010,драматичный,практический,0
1011,молодить,молодеть,1
1012,охватить,обхватить,1
1013,домовый,домовой,1
1014,пионерский,беззаконие,0
1015,измышление,подхалимный,0
1016,подвижнический,огласка,0
1017,обесплодеть,телевизионник,0
1018,информированность,информация,1
1019,спускной,коричневый,0
1020,токсический,осветитель,0
1021,русский,российский,1
1022,благодарственный,благодарный,1
1023,скрытный,скрытый,1
1024,тягостный,дымовой,0
1025,грамматический,Ганнибал,0
1026,астматический,астматичный,1
1027,фабрикат,архаичный,0
1028,эфирный,главный,0
1029,булавчатый,пропавший,0
1030,аллегри,лесистый,0
1031,клеёночный,приметливый,0
1032,одеть,надеть,1
1033,адресат,адресант,1
1034,микроскопичный,микроскопический,1
1035,обезножеть,виноватый,0
1036,концепция,добровольческий,0
1037,анекдотический,мистичный,0
1038,ординарческий,ординарный,1
1039,оплатить,земной,0
1040,микроскопический,микроскопичный,1
1041,полюс,эфемерный,0
1042,кормилица,работник,0
1043,продуктивный,масличный,0
1044,легитимный,строительный,0
1045,мелкотравчатый,мелкотравный,1
1046,желательный,симптоматичный,0
1047,акуловый,публицистичный,0
1048,охладеть,раскрытие,0
1049,просительный,хлеборобский,0
1050,памятный,памятливый,1
1051,тяготеть,сломленный,0
1052,аллегри,аллегро,1
1053,элитарный,явно,0
1054,ремесленнический,ремесленный,1
1055,перепоночный,информационный,0
1056,купальник,ироничный,0
1057,русский,психологический,0
1058,проблемный,проблематичный,1
1059,различный,основание,0
1060,тень,вскрытие,0
1061,пуганый,озлить,0
1062,гордый,горделивый,1
1063,отчётливый,отчётный,1
1064,обезлошадеть,обезлошадить,1
1065,бабий,взрослеть,0
1066,остепенить,трубчатый,0
1067,гнилой,обрывчатый,0
1068,поступить,налагать,0
1069,злостно,дарственная,0
1070,выборный,ящур,0
1071,зловещий,злобный,1
1072,школьнический,штатский,0
1073,звериный,надувательский,0
1074,поместиться,защитный,0
1075,психологичный,психологический,1
1076,единоверческий,единоверный,1
1077,взыскательный,изысканный,1
1078,наследный,временной,0
1079,виноватый,воскресенье,0
1080,женский,хлебопашеский,0
1081,кожаный,кожный,1
1082,центральный,раздражение,0
1083,ломить,сатиричный,0
1084,протрезветь,венерологический,0
1085,деспотический,анархический,0
1086,опасный,опасливый,1
1087,азарт,азартность,1
1088,вдох,вздох,1
1089,исходящий,бур,0
1090,ябедливый,приметный,0
1091,усастый,усатый,1
1092,раздеть,разодеть,1
1093,сборчатый,сборочный,1
1094,вспрыгнуть,историчный,0
1095,болезненный,горючий,0
1096,нафталин,нафталан,1
1097,крокодилий,крокодиловый,1
1098,освоить,усвоить,1
1099,столовый,золотить,0
1100,несоизмеримый,неизмеримый,1
1101,новация,временник,0
1102,бородатый,лирник,0
1103,хищный,отличать,0
1104,временной,временный,1
1105,настоятельский,пастуший,0
1106,вдеть,заразительный,0
1107,блуждать,блудить,1
1108,кардинальский,доходный,0
1109,рисунчатый,рисуночный,1
1110,раздражение,подрядный,0
1111,поместить,иголочный,0
1112,булавочный,булавчатый,1
1113,вдохнуть,зимовник,0
1114,ребрастый,ребристый,1
1115,гласность,огласка,1
1116,настоятельский,настоятельный,1
1117,братний,головешки,0
1118,иголочный,игольчатый,1
1119,униженный,вдохнуть,0
1120,экономичный,обезлошадеть,0
1121,золотить,злостно,0
1122,истребительный,стрелец,0
1123,скарпель,опытнический,0
1124,удачливый,технический,0
1125,безличный,довольствие,0
1126,интеллигентный,интеллигентский,1
1127,наблюдательский,наблюдательный,1
1128,схоластический,дно,0
1129,работник,рабочий,1
1130,иноверческий,иноверный,1
1131,пугливый,пуганый,1
1132,беззаконие,токсический,0
1133,озолотить,обзолотить,1
1134,высотный,высокий,1
1135,восприемник,купальник,0
1136,длительный,конский,0
1137,шуточный,сыто,0
1138,экологический,советчик,0
1139,схематичный,докучливый,0
1140,поверка,проверка,1
1141,шлифовальщик,шлифовальник,1
1142,завоевательный,завоевательский,1
1143,токсичный,токсический,1
1144,перегородочный,перегородчатый,1
1145,игольчатый,иголочный,1
1146,дрогнуть,вздрогнуть,1
1147,докучливый,штурмовщик,0
1148,вешалка,вешала,1
1149,пометка,строительный,0
1150,волосатый,волосистый,1
1151,крючкотворный,тень,0
1152,единовременный,одновременный,1
1153,тема,тематика,1
1154,упадочнический,упадочный,1
1155,обесплодеть,обесплодить,1
1156,ветряной,придворный,0
1157,блестеть,учредительский,0
1158,сломленный,оговорка,0
1159,пенсионер,домоправление,0
1160,громкий,хлеборобский,0
1161,политический,чудацкий,0
1162,ненавистнический,ненавистный,1
1163,опасливо,надувательный,0
1164,различный,разный,1
1165,гнутый,гнуткий,1
1166,бедственный,аллегоричный,0
1167,крёстный,наследие,0
1168,догматический,догматичный,1
1169,встряхнуть,тряхнуть,1
1170,декоративный,декорационный,1
1171,демонтаж,монтаж,1
1172,обезводить,обезводеть,1
1173,происки,поиски,1
1174,сочинительный,сочинительский,1
1175,неорганичный,неорганический,1
1176,венок,венец,1
1177,оделить,обделить,1
1178,сладостный,сладкий,1
1179,схематический,схематичный,1
1180,подбородник,подбородок,1
1181,побуждать,инженерский,0
1182,блистать,представительный,0
1183,отирать,оттирать,1
1184,сводный,ординарческий,0
1185,изнашиваемость,изношенность,1
1186,поступить,блистать,0
1187,гармонический,новация,0
1188,дымный,защитный,0
1189,монтаж,логичный,0
1190,злостный,эскалатор,0
1191,элегичный,элегический,1
1192,маститый,сравнимый,0
1193,золотить,совестливо,0
1194,корневой,коренной,1
1195,взвесить,свесить,1
1196,понятливый,понятный,1
1197,складской,складной,1
1198,экономский,экономный,1
1199,воскресать,воскрешать,1
1200,веселить,предоставить,0
1201,сеточный,червить,0
1202,оформительский,оформительный,1
1203,инженерский,инженерный,1
1204,зубовой,гнилостный,0
1205,бунтовщик,бунтарь,1
1206,героизм,героика,1
1207,отбойник,церковнический,0
1208,постричь,подстричь,1
1209,единообразие,однообразие,1
1210,благодарный,заводской,0
1211,доверительный,шершавить,0
1212,исполнительский,иноверческий,0
1213,идиотичный,метафизический,0
1214,безумство,гадальный,0
1215,движитель,зубастый,0
1216,экранизировать,экранировать,1
1217,вечеря,вечерня,1
1218,оплатить,отплатить,1
1219,пионерный,пионерский,1
1220,аллегоричный,аллегорический,1
1221,вначале,изначально,1
1222,юмористический,юмористичный,1
1223,высветить,высветлить,1
1224,дуреть,обвинительский,0
1225,вздохнуть,опаршиветь,0
1226,штурмовщик,осветлить,0
1227,вариант,феерический,0
1228,явно,вспрыгнуть,0
1229,отдельный,отдельский,1
1230,духовность,душевность,1
1231,жабий,жабный,1
1232,стихотворческий,дуреть,0
1233,орлёный,полнеть,0
1234,золотить,золотеть,1
1235,обезземелить,английский,0
1236,экспонент,экспонат,1
1237,пьянить,пьянеть,1
1238,рождать,анархический,0
1239,безумие,централизованный,0
1240,грозовой,праздничный,0
1241,вешала,вешалка,1
1242,вбить,иноверческий,0
1243,обвязать,обязать,1
1244,расточительский,расточительный,1
1245,вдеть,вздеть,1
1246,поспешный,поспешливый,1
1247,неврастенический,отрешение,0
1248,рыболовный,подвижный,0
1249,поэтический,палатный,0
1250,внеклассовый,внеклассный,1
1251,Атлантика,описка,0
1252,типичный,регенерация,0
1253,неприметливый,неприметный,1
1254,Атлантида,Атлантика,1
1255,гуманный,гуманистический,1
1256,воспитательский,воспитательный,1
1257,несоизмеримый,героический,0
1258,перепоночный,легитимный,0
1259,стать,встать,1
1260,игривый,игристый,1
1261,зверский,звериный,1
1262,вражеский,несоизмеримый,0
1263,сдвоенный,удвоенный,1
1264,иноверный,иноверческий,1
1265,горловина,горло,1
1266,гончарский,крашеный,0
1267,токсичный,информационный,0
1268,остепенеть,экспонат,0
1269,тяжко,тягостно,1
1270,окаменеть,окаменить,1
1271,обладать,наёмный,0
1272,вечный,вековой,1
1273,тупеть,тупить,1
1274,рогатый,почтительный,0
1275,черепаховый,описка,0
1276,вдовий,прожигательный,0
1277,благотворительный,головашки,0
1278,эстетный,эстетский,1
1279,наследство,игорный,0
1280,дворовый,придворный,1
1281,явственно,явно,1
1282,удачный,удачливый,1
1283,рыболов,личный,0
1284,дефектный,дефективный,1
1285,ограниченность,ограничение,1
1286,дидактический,двурушный,0
1287,явственный,стеклить,0
1288,доходный,доходчивый,1
1289,архаический,архаичный,1
1290,дипломатия,двоичный,0
1291,столярный,мелодический,0
1292,водяной,водный,1
1293,избирательный,наследство,0
1294,гончарский,гончарный,1
1295,яростный,неврастенический,0
1296,идиотичный,зубовой,0
1297,подживлять,подживать,1
1298,гарантия,гарант,1
1299,отмета,отметка,1
1300,пропащий,пропавший,1
1301,стрелок,ненавистнический,0
1302,остеклить,бунтовщик,0
1303,артистичный,артистический,1
1304,реалистический,варенный,0
1305,игольчатый,историчный,0
1306,холодильщик,холодильник,1
1307,изнашиваемость,гармоничный,0
1308,жалостливо,декорационный,0
1309,покорливый,покорный,1
1310,предоставить,покорный,0
1311,анекдотический,анекдотичный,1
1312,отрешение,отречение,1
1313,пергаментный,пергаменный,1
1314,искусный,шляпный,0
1315,провиниться,повиниться,1
1316,заботный,заботливый,1
1317,юмористичный,вожделенный,0
1318,обезводеть,удачный,0
1319,рисковый,рисковой,1
1320,гнездовье,типичный,0
1321,ремесленнический,восприемник,0
1322,обрывок,отрывок,1
1323,обидчивый,грибковое,0
1324,типический,ответный,0
1325,заплатить,технический,0
1326,обзолотить,озолотить,1
1327,впрыгнуть,вспрыгнуть,1
1328,различать,отличать,1
1329,атака,контратака,1
1330,азарт,ювелирский,0
1331,дарёный,духовность,0
1332,инженерный,инженерский,1
1333,иждивенство,иждивенчество,1
1334,допущение,совестливо,0
1335,заглавный,главный,1
1336,ароматичный,ароматический,1
1337,единоверный,именитый,0
1338,проповеднический,информированность,0
1339,легитимный,легальный,1
1340,ювелирный,ювелирский,1
1341,изобретательный,изобретательский,1
1342,мелодия,источник,0
1343,авторитарный,авторитетный,1
1344,владеть,школьный,0
1345,пастушеский,пастуший,1
1346,фактор,поглотить,0
1347,завидливый,завидный,1
1348,съёмочный,съёмный,1
1349,сметливый,сметный,1
1350,добычный,добычливый,1
1351,единоверный,единоверческий,1
1352,педагогичный,раскрытие,0
1353,рабочий,работник,1
1354,токсичный,греческий,0
1355,разместиться,декорационный,0
1356,публицистичный,публицистический,1
1357,цветастый,обездушить,0
1358,связываться,невинный,0
1359,вакансия,неудачливый,0
1360,неграмотный,безграмотный,1
1361,войти,крючкотворный,0
1362,меланхоличный,меланхолический,1
1363,приобретательный,приобретательский,1
1364,взойти,тень,0
1365,заодно,воедино,1
1366,явный,явственный,1
1367,вдох,бур,0
1368,доходчивый,тень,0
1369,атака,преобразовательский,0
1370,абстракция,абстрактность,1
1371,господний,господский,1
1372,желанный,желательный,1
1373,ограничение,истребительский,0
1374,эскалатор,исторический,0
1375,удалой,удальской,1
1376,Финско-,заживать,0
1377,холопский,холопий,1
1378,войти,разночинный,0
1379,благотворительный,акционерский,0
1380,законодательный,мужичий,0
1381,пластический,пластичный,1
1382,приметливый,приметный,1
1383,вороновый,вороний,1
1384,исторический,историчный,1
1385,вдовий,гашёный,0
1386,подхалимский,подхалимный,1
1387,штурмовик,обвязать,0
1388,протрезветь,обсуждение,0
1389,зло,злостно,1
1390,преобразовательный,преобразовательский,1
1391,могильник,могильщик,1
1392,жавороночий,жавороночный,1
1393,чубастый,азарт,0
1394,обличительный,обличительский,1
1395,советник,советчик,1
1396,солитер,антрацитный,0
1397,просветительный,просветительский,1
1398,автономия,генеральный,0
1399,выжидающий,благотворный,0
1400,благоустройство,благоустроенность,1
1401,теоретический,теоретичный,1
1402,дипломатический,рогатый,0
1403,даровой,дарёный,1
1404,остеклеть,остеклить,1
1405,вязаться,элегический,0
1406,остервенить,остервенеть,1
1407,экспонат,экспонент,1
1408,дудочный,дудчатый,1
1409,налагать,возлагать,1
1410,лобовой,комфортабельный,0
1411,встать,пугливый,0
1412,отбойщик,выгода,0
1413,духовность,ледяной,0
1414,темнить,темнеть,1
1415,хлебопашенный,хлебопашеский,1
1416,шляпочный,шляпный,1
1417,нестерпимый,антипедагогический,0
1418,ковкий,ковочный,1
1419,зубатый,зубастый,1
1420,шлифовальщик,ребячливый,0
1421,маститый,сдвоенный,0
1422,контратака,атака,1
1423,обессилить,термальный,0
1424,покупательский,покупательный,1
1425,романтический,выгодность,0
1426,глиняный,глинистый,1
1427,пластинчатый,пластиночный,1
1428,подрядный,подрядческий,1
1429,систематический,нетерпимо,0
1430,травматологический,травматический,1
1431,цепенеть,заблудиться,0
1432,изысканный,рыболов,0
1433,единственный,единый,1
1434,рыбий,рыбный,1
1435,вязаться,связываться,1
1436,глубокий,глубинный,1
1437,экологический,глупеть,0
1438,крашеный,единый,0
1439,обвинительный,взбежать,0
1440,эффективность,эффектность,1
1441,оцепенить,отдельный,0
1442,заблуждаться,заблудиться,1
1443,практичный,практический,1
1444,покорный,покорливый,1
1445,рогастый,рогатый,1
1446,запасливый,мужицкий,0
1447,собственнический,врыть,0
1448,Атлантика,Атлантида,1
1449,мечтательский,полис,0
1450,раскольничий,раскольнический,1
1451,великий,наедине,0
1452,садовнический,рост,0
1453,ябедный,ябедливый,1
1454,учредительский,учредительный,1
1455,невежа,самодурный,0
1456,оглупеть,гончий,0
1457,пророчественный,пророческий,1
1458,подделка,проделка,1
1459,решительность,политический,0
1460,потоки,обезлюдеть,0
1461,дипломат,дипломант,1
1462,авторитетный,авторитарный,1
1463,поэтичный,поэтический,1
1464,правительственный,правительский,1
1465,человечий,человечный,1
1466,бывалый,высветлить,0
1467,малопонятный,малопонятливый,1
1468,тюлений,тюленевый,1
1469,побуждать,холодеть,0
1470,обличительный,конный,0
1471,кардинальский,благодарный,0
1472,гончарский,удачливый,0
1473,зрительский,дружественный,0
1474,оглупеть,оглупить,1
1475,хвостистский,хвостистый,1
1476,автономность,автономия,1
1477,желательный,адресат,0
1478,надеть,одеть,1
1479,жалостливо,конфузливый,0
1480,искусно,белеть,0
1481,активизировать,активировать,1
1482,добрый,добротный,1
1483,зеленеть,концепция,0
1484,автобиографичный,автобиографический,1
1485,раскольничий,шумовой,0
1486,чиновничий,чиновницкий,1
1487,воедино,заодно,1
1488,крашеный,грубеть,0
1489,великанский,гнездо,0
1490,жалостно,жалостливо,1
1491,подбородок,охотно,0
1492,пометка,наедине,0
1493,вечеря,спускной,0
1494,мельничный,мельничий,1
1495,безумство,безумие,1
1496,экономика,экономия,1
1497,тягостно,тяжко,1
1498,варенье,отходный,0
1499,гагарий,гагаровый,1
1500,выгодность,выгода,1
1501,ребячий,ребячливый,1
1502,талан,схоластичный,0
1503,проблематичный,ледяной,0
1504,генеральский,генеральный,1
1505,словарный,мужичий,0
1506,хваткий,хватский,1
1507,наличность,парламентский,0
1508,конфузно,конфузливо,1
1509,корневой,советник,0
1510,подбородок,двурушный,0
1511,выдержать,белить,0
1512,единоверческий,домовой,0
1513,коричневый,коричный,1
1514,экономичный,кожаный,0
1515,шутливый,шуточный,1
1516,сдвинуть,игольчатый,0
1517,густеть,гарантия,0
1518,стихотворный,элегический,0
1519,невинный,невиновный,1
1520,добротный,Ганнибал,0
1521,обладать,владеть,1
1522,сатирический,раздеть,0
1523,рост,возраст,1
1524,талант,талан,1
1525,стихотворческий,стихотворный,1
1526,демократический,раскольничий,0
1527,сравнительный,сравнимый,1
1528,разместиться,поместиться,1
1529,скотный,скотский,1
1530,желанный,толстить,0
1531,раскольнический,удалой,0
1532,дипломатика,интеллигентный,0
1533,неоглядный,ненаглядный,1
1534,громовой,громкий,1
1535,докучливый,воскрешать,0
1536,зрительский,досадный,0
1537,ненавистный,ненавистнический,1
1538,рисковой,решительность,0
1539,рогатый,разночинский,0
1540,гончий,дисгармония,0
1541,обрывочный,героический,0
1542,бесчувствие,вакация,0
1543,ящер,ящур,1
1544,всход,восход,1
1545,реабилитированный,вороний,0
1546,чудный,шнуровка,0
1547,понедельничный,понедельный,1
1548,гневливый,гневный,1
1549,акционерный,барственный,0
1550,войти,каменистый,0
1551,деловитый,автоматичный,0
1552,вздохнуть,вдохнуть,1
1553,незаметный,незаметливый,1
1554,экономский,огласка,0
1555,прибавить,оплатить,0
1556,пылкость,вспыльчивость,1
1557,органический,органичный,1
1558,различать,одинокий,0
1559,заблудиться,премьерский,0
1560,признательный,признанный,1
1561,живой,животный,1
1562,методический,методистский,1
1563,депрессия,стеклить,0
1564,нестерпимо,нетерпимо,1
1565,естество,естественность,1
1566,холопий,потребительный,0
1567,певчий,накрапывать,0
1568,заботливый,отметка,0
1569,желтеть,желтить,1
1570,горло,горловина,1
1571,коптить,наличность,0
1572,овчарня,премьерный,0
1573,шершавить,шершаветь,1
1574,юмористичный,надувательский,0
1575,орлёный,ритмический,0
1576,перепоночный,перепончатый,1
1577,беглец,беженец,1
1578,псарский,экономический,0
1579,легальный,легитимный,1
1580,обидчивый,геройский,0
1581,орлёный,орлиный,1
1582,дипломатия,дипломатика,1
1583,безвинный,невинный,1
1584,непонятно,непонятливо,1
1585,незаметливый,незаметный,1
1586,врыть,взрыть,1
1587,этичный,этический,1
1588,барский,барственный,1
1589,оживать,истеричный,0
1590,аргонавт,российский,0
1591,представиться,помета,0
1592,отрывок,обрывок,1
1593,авантюрин,раздеть,0
1594,совестно,проделка,0
1595,царский,царственный,1
1596,ныне,женский,0
1597,экранировать,гнилой,0
1598,поспешливый,вера,0
1599,рыбный,маслянистый,0
1600,грубить,гармоничный,0
1601,тематика,тема,1
1602,премьерский,премьерный,1
1603,бедняк,бедняга,1
1604,цветной,педагогический,0
1605,ловчий,ловкий,1
1606,могильщик,могильник,1
1607,дипломатичный,дипломатический,1
1608,временной,англиканский,0
1609,зубья,зубы,1
1610,владеть,добычный,0
1611,артистичный,вздохнуть,0
1612,черстветь,черствить,1
1613,наличность,наличие,1
1614,глинистый,глиняный,1
1615,бородатый,бородастый,1
1616,легальный,вороновый,0
1617,непонятно,оговорка,0
1618,грубить,грубеть,1
1619,рыбак,рыболов,1
1620,динамика,обезлошадеть,0
1621,дисквалификация,деквалификация,1
1622,масляный,маслянистый,1
1623,достойно,пристойно,1
1624,волосистый,плавки,0
1625,упадочный,упадочнический,1
1626,малахитный,малахитовый,1
1627,сладостно,совестно,0
1628,деляческий,дельный,1
1629,горячий,горючий,1
1630,Атлантида,темь,0
1631,толстить,сломленный,0
1632,обезземелеть,обезземелить,1
1633,обхватить,охватить,1
1634,крашеный,красочный,1
1635,рост,классный,0
1636,мелодический,холодильщик,0
1637,разночинный,разночинский,1
1638,бурав,цветной,0
1639,иждивенчество,оглупеть,0
1640,предоставление,представление,1
1641,настоятельский,сметливый,0
1642,восприемник,преемник,1
1643,обезножеть,обезножить,1
1644,повиниться,дождливый,0
1645,бесчувственность,экономика,0
1646,варенный,варёный,1
1647,каменный,каменистый,1
1648,каменистый,автобиографический,0
1649,безыскусственный,оцепенеть,0
1650,черепаший,черепаховый,1
1651,монтаж,демонтаж,1
1652,проступок,поступок,1
1653,обессилить,астматический,0
1654,сломанный,ненаглядный,0
1655,дипломатика,крестный,0
1656,представительный,представительский,1
1657,фактор,демобилизировать,0
1658,притязательный,притягательный,1
1659,приглядный,приглядливый,1
1660,концепт,начертать,0
1661,безумие,толстеть,0
1662,головашки,головешки,1
1663,конфузный,мифический,0
1664,вздрогнуть,дрогнуть,1
1665,метафизичный,понятный,0
1666,досадный,малопонятливый,0
1667,днище,дуреть,0
1668,дружеский,дружественный,1
1669,термальный,термический,1
1670,публицистический,публицистичный,1
1671,толстить,толстеть,1
1672,насильственно,командировочный,0
1673,заживлять,заживать,1
1674,парламентский,фён,0
1675,полнить,дудчатый,0
1676,вороновый,отборник,0
1677,братский,ванна,0
1678,столовый,гордыня,0
1679,схоластичный,схоластический,1
1680,сыто,животный,0
1681,диктат,глупеть,0
1682,годовой,годовалый,1
1683,военный,воинский,1
1684,остервенить,докучный,0
1685,графический,удачно,0
1686,переливчатый,переливочный,1
1687,бродяжий,бродячий,1
1688,злобный,зловещий,1
1689,высветлить,высветить,1
1690,складной,ломать,0
1691,расчётный,расчётливый,1
1692,отборный,ковочный,0
1693,мелкотравчатый,ограниченность,0
1694,фанатичный,тряхнуть,0
1695,упадочный,представиться,0
1696,останки,остатки,1
1697,солярный,соляровый,1
1698,почтенный,тесёмчатый,0
1699,защитный,защитительный,1
1700,безумство,ребячливый,0
1701,живительный,экспонент,0
1702,цинический,циничный,1
1703,чувствительный,натуралистичный,0
1704,охладеть,охладить,1
1705,полировочный,полированный,1
1706,наследие,разграничить,0
1707,мудреть,палаточный,0
1708,гусячий,гусачий,1
1709,воскресенье,воскресение,1
1710,охотливо,охотно,1
1711,невежда,невежа,1
1712,идиотический,идиотичный,1
1713,представление,предоставление,1
1714,здравница,здравица,1
1715,горловина,отдельный,0
1716,выжидательный,выжидающий,1
1717,основание,разместиться,0
1718,дидактический,дидактичный,1
1719,незаметливый,критичный,0
1720,дельфиновый,дельфиний,1
1721,сладостно,опасливо,0
1722,юродливый,юродивый,1
1723,признанный,признательный,1
1724,сборочный,сборчатый,1
1725,осветить,осветлить,1
1726,коптеть,коптить,1
1727,рисковой,жалостливо,0
1728,азарт,добротный,0
1729,мистический,премьерский,0
1730,реабилитированный,реабилитационный,1
1731,выплатить,яловочный,0
1732,инородческий,инородный,1
1733,выдержать,сдержать,1
1734,деловой,деловитый,1
1735,гнуткий,гнилой,0
1736,пергаменный,пергаментный,1
1737,авторитарный,игральный,0
1738,чудацкий,чудаческий,1
1739,приветственный,мелодраматичный,0
1740,довольство,довольствие,1
1741,произношение,произнесение,1
1742,обязать,выборочный,0
1743,мучительский,фабрикант,0
1744,дуреть,дурить,1
1745,холодильник,простецкий,0
1746,деспотия,деспотизм,1
1747,завоевательский,завоевательный,1
1748,интернет,вложение,0
1749,истребительский,истребительный,1
1750,истерический,истеричный,1
1751,симпатичный,симпатический,1
1752,искательный,искательский,1
1753,раскольничий,Камчатский,0
1754,леденить,ковкий,0
1755,грубить,Антарктика,0
1756,купальщик,купальник,1
1757,обстоятельственный,обстоятельный,1
1758,производительность,графический,0
1759,незаметный,стрелчатый,0
1760,отборник,отборщик,1
1761,дифференциальный,дифференцированный,1
1762,великаний,дружественный,0
1763,доходчивый,эффектность,0
1764,сталактит,сталагмит,1
1765,плавки,плавни,1
1766,непонятный,непонятливый,1
1767,однокорневой,однокоренной,1
1768,греческий,грецкий,1
1769,отборочный,звериный,0
1770,вдовий,вдовый,1
1771,симпатический,воинский,0
1772,потёки,потоки,1
1773,обогреть,огреть,1
1774,зимовник,зимовщик,1
1775,стрелок,дипломатика,0
1776,спасительный,спасательный,1
1777,взойти,неудачный,0
1778,концепт,концепция,1
1779,демонстрационный,демонстративный,1
1780,обсуждение,зубовой,0
1781,переливочный,ребячий,0
1782,терпимость,одинокий,0
1783,тяжко,скотский,0
1784,информационный,прервать,0
1785,вариант,мудреть,0
1786,правительственный,крокодилий,0
1787,осуждение,астронавт,0
1788,ребячливый,ребячий,1
1789,мороженый,лесной,0
1790,решительность,решимость,1
1791,пакостливый,психологический,0
1792,ненаглядный,сочинительный,0
1793,фактичный,зеленить,0
1794,братний,братский,1
1795,тяготить,отмета,0
1796,расточительный,расточительский,1
1797,ригористический,отметка,0
1798,белеть,белить,1
1799,заходить,доходить,1
1800,приютский,приютный,1
1801,сломанный,сломленный,1
1802,обладать,выучить,0
1803,грозовой,грозный,1
1804,однообразие,единообразие,1
1805,блестеть,блистать,1
1806,заводной,вздохнуть,0
1807,проделка,сеточный,0
1808,негласный,безгласный,1
1809,беззаконие,вымысел,0
1810,обезденежеть,автономия,0
1811,художнический,осветить,0
1812,кондукторский,кондукторный,1
1813,толстить,шелковистый,0
1814,рожать,рождать,1
1815,бродячий,гарант,0
1816,автономность,осиротеть,0
1817,поминать,вспоминать,1
1818,сытно,сыто,1
1819,прозаичный,прозаический,1
1820,обидчивый,обидный,1
1821,пенсионер,пансионер,1
1822,догматичный,догматический,1
1823,удачно,этичный,0
1824,особый,особенный,1
1825,палаточный,палатный,1
1826,группировка,группа,1
1827,движитель,двигатель,1
1828,гарантия,выплатить,0
1829,терпеливость,терпимость,1
1830,дарёный,даровой,1
1831,женственный,двоичный,0
1832,антипедагогический,антипедагогичный,1
1833,обезглаветь,обезглавить,1
1834,невиновный,невинный,1
1835,обезножеть,грозовой,0
1836,видение,видение,1
1837,человечный,человечий,1
1838,сладкий,сладостный,1
1839,интернет,интранет,1
1840,акционерный,акционерский,1
1841,жавороночный,жавороночий,1
1842,шефствовать,шествовать,1
1843,экономический,экономичный,1
1844,отходный,бобр,0
1845,выборный,выборочный,1
1846,продуктовый,продуктивный,1
1847,динамика,динамизм,1
1848,бережность,бережливость,1
1849,терпимость,терпеливость,1
1850,вариант,варение,0
1851,рост,абонент,0
1852,явно,явственно,1
1853,оглупеть,чеканочный,0
1854,удачно,удачливо,1
1855,звучный,архаический,0
1856,унизительный,личный,0
1857,камчатный,единственный,0
1858,грибное,грибковое,1
1859,держать,содержать,1
1860,шелковый,шелковистый,1
1861,тягостно,сыскать,0
1862,рыболовный,цветовой,0
1863,тягостный,ребрастый,0
1864,словесный,раздражительность,0
1865,насильственно,насильно,1
1866,крючкотворный,сыскать,0
1867,пластиночный,удалой,0
1868,притягательный,притязательный,1
1869,безделица,шумный,0
1870,гашенный,гашёный,1
1871,пластиночный,дождливый,0
1872,гончарский,подголовок,0
1873,антрацитовый,антрацитный,1
1874,расчётливый,расчётный,1
1875,поспешливый,поспешный,1
1876,информационный,информативный,1
1877,обессилеть,волнительный,0
1878,горний,горный,1
1879,искусственно,искусно,1
1880,аккордный,гигиенический,0
1881,дно,пьянеть,0
1882,дивизия,русский,0
1883,рыболов,рыбак,1
1884,вклад,вложение,1
1885,вздох,вдох,1
1886,поедим,поедем,1
1887,симптоматический,симптоматичный,1
1888,апокрифический,сталагмит,0
1889,монистический,монистичный,1
1890,фиеста,сиеста,1
1891,досадно,досадливо,1
1892,бур,бурав,1
1893,стеклить,группа,0
1894,ящер,поворотный,0
1895,личностный,орлёный,0
1896,отдышка,памятливый,0
1897,живительный,однорукий,0
1898,идиотичный,ветряной,0
1899,гражданственный,гражданский,1
1900,классовый,обеднеть,0
1901,рачий,раковый,1
1902,лакировочный,лакированный,1
1903,умный,сочинительский,0
1904,умный,будний,0
1905,пьянеть,штурмовщик,0
1906,наличие,бобёр,0
1907,тюленевый,фён,0
1908,громовой,грамматичный,0
1909,воскрешать,воскресать,1
1910,непроницательный,авторитарный,0
1911,фантастический,фантастичный,1
1912,зубовой,ригористичный,0
1913,палатный,естественность,0
1914,лесной,лесистый,1
1915,вбить,взбить,1
1916,мифичный,схоластический,0
1917,насильственно,нестерпимый,0
1918,пансионер,пенсионер,1
1919,безликий,безличный,1
1920,толстеть,толстить,1
1921,взвесить,клеёночный,0
1922,обезлюдеть,обезлюдить,1
1923,вассальский,вассальный,1
1924,именной,именитый,1
1925,воспитательный,воспитательский,1
1926,выборочный,выборный,1
1927,лавочный,лавочнический,1
1928,хозяйский,хозяйственный,1
1929,стеклить,ввалить,0
1930,мудреть,выдача,0
1931,ненавистнический,полемический,0
1932,вдохнуть,вздохнуть,1
1933,озлить,озлеть,1
1934,монистический,сметный,0
1935,постель,пастель,1
1936,аккордовый,преемник,0
1937,владеть,расчётный,0
1938,ванна,продуктивный,0
1939,фантазёрство,ремесленный,0
1940,рыболовный,рыболовецкий,1
1941,идеалистистический,безголосный,0
1942,романтический,явственный,0
1943,парламентский,интернет,0
1944,слоновый,слоновий,1
1945,одышка,отдышка,1
1946,останки,столовский,0
1947,выгода,выгодность,1
1948,повиниться,провиниться,1
1949,породнить,булавочный,0
1950,злостный,злой,1
1951,бедняга,бедняк,1
1952,остатки,останки,1
1953,авантюрист,оборотный,0
1954,бережливость,бережность,1
1955,коптить,коптеть,1
1956,простацкий,простецкий,1
1957,купальщик,доходный,0
1958,протрезветь,протрезвить,1
1959,охладеть,охладеть,0
1960,симптоматичный,простак,0
1961,классный,масляный,0
1962,юмористичный,юмористический,1
1963,раскольнический,раскольничий,1
1964,кабинетный,трагичный,0
1965,систематический,поворотный,0
1966,фактор,факт,1
1967,достойно,просёлок,0
1968,возбуждать,побуждать,1
1969,отборник,дрогнуть,0
1970,в одиночестве,царский,0
1971,графичный,разливочный,0
1972,животный,эстетичный,0
1973,полемичный,воскресение,0
1974,источник,воскресение,0
1975,вариант,высветить,0
1976,изуверный,изверуский,1
1977,изысканный,начертить,0
1978,цветистый,неорганичный,0
1979,благодарный,благодарственный,1
1980,флегматичный,флегматический,1
1981,вегетационный,царский,0
1982,конъектура,конъюнктура,1
1983,охладеть,осветлить,0
1984,черкешенка,черкеска,1
1985,столовый,безответственный,0
1986,оделить,заразительный,0
1987,иронический,доверие,0
1988,отграничить,разграничить,1
1989,пастель,постель,1
1990,несоизмеримый,Финно-,0
1991,автоматичный,единообразие,0
1992,строительный,талан,0
1993,поиски,происки,1
1994,совестно,совестливо,1
1995,зачинщик,воинский,0
1996,подвижнический,представительный,0
1997,зубной,сеточный,0
1998,основание,обоснование,1
1999,ковкий,мечтательный,0
2000,обидный,обидчивый,1
2001,цветы,цвета,1
2002,зубы,зубья,1
2003,опытнический,репрессия,0
2004,ванна,ванная,1
2005,собирательный,артистический,0
2006,камчатный,будний,0
2007,гадательный,телевизионщик,0
2008,гнездовье,скотный,0
2009,борзой,звучный,0
2010,заходить,доходный,0
2011,вековой,вечный,1
2012,малахитовый,дружественный,0
2013,четырёхручный,четырёхрукий,1
2014,доверчивый,доверительный,1
2015,репрессия,депрессия,1
2016,дно,днище,1
2017,политический,политичный,1
2018,формант,гостинный,0
2019,клеёнчатый,клеёночный,1
2020,допуск,допущение,1
2021,временщик,временник,1
2022,собирательный,варенный,0
2023,звучный,впрыгнуть,0
2024,акционерский,изначально,0
2025,бабский,бабий,1
2026,величественный,великий,1
2027,выписать,подписать,1
2028,подпятник,подпяточник,1
2029,пластичный,мистичный,0
2030,подживать,подживлять,1
2031,перегородчатый,перегородочный,1
2032,отпечатать,опечатать,1
2033,мороженый,отличие,0
2034,дерзить,ломать,0
2035,горячий,демократичность,0
2036,шлифовальник,шлифовальщик,1
2037,склочнический,склочный,1
2038,завидливый,подписать,0
2039,глубокий,приобретательный,0
2040,декларативный,надувательный,0
2041,антипатический,антипатичный,1
2042,защитный,иструхляветь,0
2043,яловочный,яловый,1
2044,тупить,морозный,0
2045,деквалификация,дисквалификация,1
2046,монистичный,мелодичный,0
2047,правительский,правительственный,1
2048,акулий,акуловый,1
2049,предоставить,представить,1
2050,стихотворный,безумство,0
2051,аспирант,аспират,1
2052,премьерский,возмущённый,0
2053,будничный,будний,1
2054,дельфиновый,ловчий,0
2055,реалистический,неврастеничный,0
2056,элегичный,волосатый,0
2057,апокрифичный,единый,0
2058,столярный,столярский,1
2059,опаршиветь,опаршивить,1
2060,светлить,чародейский,0
2061,могучий,могущественный,1
2062,обжорный,обжорливый,1
2063,различие,отличие,1
2064,генеральный,непонятно,0
2065,произношение,двигатель,0
2066,типический,типичный,1
2067,популистский,циничный,0
2068,просительный,просительский,1
2069,солитёр,солитер,1
2070,натуралистический,чубатый,0
2071,зимовщик,зимовник,1
2072,самодурный,самодурский,1
2073,корневой,злобный,0
2074,человеческий,человечный,1
2075,каннибал,Ганнибал,1
2076,зимовщик,поминать,0
2077,дар,дарственная,1
2078,явственный,явный,1
2079,комфортный,проглотить,0
2080,элегичный,обезножить,0
2081,двигатель,движитель,1
2082,экологичный,экологический,1
2083,темнить,отдышка,0
2084,отходчивый,зачинщик,0
2085,костяной,костный,1
2086,конфузливый,конфузный,1
2087,признательный,ледяной,0
2088,нестерпимый,нетерпимый,1
2089,грубеть,грубить,1
2090,господский,господний,1
2091,мудреть,мудрить,1
2092,заплатить,выплатить,1
2093,премьерный,премьерский,1
2094,злобный,оппортунистический,0
2095,озолотеть,гагаровый,0
2096,ответный,ответственный,1
2097,водный,водяной,1
2098,теоретичный,теоретический,1
2099,фазаний,благотворительный,0
2100,дар,зимовщик,0
2101,возлагать,налагать,1
2102,фабрикант,изобретательный,0
2103,зубья,микроскопичный,0
2104,холодильщик,проступок,0
2105,мелодический,мелодичный,1
2106,мучительский,лавочный,0
2107,вспыльчивость,пылкость,1
2108,грецкий,примотать,0
2109,талан,талант,1
2110,доверие,вера,1
2111,опечатки,отпечатки,1
2112,политичный,ковочный,0
2113,сиеста,фиеста,1
2114,болотистый,болотный,1
2115,графический,графичный,1
2116,коренной,корневой,1
2117,надбавка,бывший,0
2118,реалистический,аккордовый,0
2119,лобовой,лобный,1
2120,болезненный,болезный,1
2121,взаимопонимание,вздрогнуть,0
2122,дождливый,дождевой,1
2123,обидный,даровой,0
2124,заполнить,восполнить,1
2125,эстетный,системный,0
2126,отклоняться,гарантия,0
2127,раздражительность,раздражение,1
2128,шествовать,шефствовать,1
2129,мучительный,кулацкий,0
2130,поворотный,поворотливый,1
2131,зачинщик,зачинатель,1
2132,ломить,изношенность,0
2133,старинный,интеллигентский,0
2134,коптеть,бедственный,0
2135,владеть,врыть,0
2136,гарантированный,варенье,0
2137,непонятный,антрацитовый,0
2138,сценичный,сценический,1
2139,отклоняться,конный,0
2140,кокотка,кокетка,1
2141,удачливый,удачный,1
2142,обезлюдеть,гончарский,0
2143,абстрактность,абстракция,1
2144,озолотить,сиеста,0
2145,телевизионщик,телевизионник,1
2146,именитый,зло,0
2147,поручительский,поручительный,1
2148,красочный,темнить,0
2149,дефективный,артельский,0
2150,временник,временщик,1
2151,золотеть,золотить,1
2152,пастуший,пастушеский,1
2153,микроскопичный,малопонятный,0
2154,отличие,различие,1
2155,словарный,словесный,1
2156,комитент,комитет,1
2157,конфузный,конфузливый,1
2158,тюлений,затруднительный,0
2159,породнить,породить,1
2160,рыболов,возмущённый,0
2161,деловой,домоправление,0
2162,варенье,варение,1
2163,бесчувствие,подбородник,0
2164,варочный,наполнить,0
2165,стеклить,стеклеть,1
2166,угодный,угодливый,1
2167,невинный,безвинный,1
2168,костный,костяной,1
2169,индийский,горячий,0
2170,подхалимский,городничий,0
2171,испытательный,абонемент,0
2172,приобретательский,насильно,0
2173,токсичный,эфемерный,0
2174,надбавка,добавка,1
2175,двояшки,двойняшки,1
2176,зачинатель,зачинщик,1
2177,сравнимый,сравнительный,1
2178,вожделенный,вожделеющий,1
2179,дарственная,популярный,0
2180,ближний,обезземелить,0
2181,гнуткий,гнутый,1
2182,поместить,цикличный,0
2183,зерновой,зернистый,1
2184,огрызаться,отгрызаться,1
2185,хозяйский,тягостный,0
2186,неприглядный,опаршивить,0
2187,горделивый,парламентёрский,0
2188,мобилизировать,ординарный,0
2189,тесёмочный,неприметливый,0
2190,натуралистический,зверский,0
2191,оболванить,оболванеть,1
2192,царственный,царский,1
2193,дивизион,дивизия,1
2194,геройский,диктант,0
2195,особый,обжорливый,0
2196,артельский,артельный,1
2197,поместиться,разместиться,1
2198,подбородок,густить,0
2199,обезденежеть,обезденежить,1
2200,дельный,деляческий,1
2201,надувательный,надувательский,1
2202,дедушкин,спасательный,0
2203,стрелец,стрелок,1
2204,леденить,леденеть,1
2205,потоки,потёки,1
2206,конъектура,преемник,0
2207,окаменить,окаменеть,1
2208,дипломант,дипломат,1
2209,бедственный,старательный,0
2210,вбежать,взбежать,1
2211,злостно,зло,1
2212,отличать,различать,1
2213,производство,производительность,1
2214,угодный,ближний,0
2215,приветственный,сыто,0
2216,мелодия,мелодика,1
2217,ветровой,ответный,0
2218,горделивый,гордый,1
2219,раскольнический,мелодичный,0
2220,ледяной,ледовый,1
2221,сценичный,владеть,0
2222,оговорка,отговорка,1
2223,фактор,обезденежеть,0
2224,факт,фактор,1
2225,отгрызаться,огрызаться,1
2226,динамичный,динамический,1
2227,апокрифичный,апокрифический,1
2228,лакировочный,лесистый,0
2229,тесёмочный,каменный,0
2230,коричный,коричневый,1
2231,квадрат,квадрант,1
2232,обрывок,подпятник,0
2233,проповедничий,критичный,0
2234,демократический,феерический,0
2235,чувствительный,разливочный,0
2236,отдельский,отдельный,1
2237,чудацкий,обезлюдить,0
2238,зерновой,нестерпимый,0
2239,выучить,изучить,1
2240,малоудачный,каменистый,0
2241,болезный,болезненный,1
2242,держать,обезножить,0
2243,технологичный,технологический,1
2244,академичный,мучительный,0
2245,производный,производственный,1
2246,эстетичный,эстетический,1
2247,изыскательский,ярый,0
2248,мучительский,мучительный,1
2249,приглядный,иноверческий,0
2250,артельный,артельский,1
2251,заводской,заводной,1
2252,здравица,солярный,0
2253,нынче,ныне,1
2254,аллегро,аллегри,1
2255,расчётный,невежа,0
2256,барственный,домоправление,0
2257,впрыгнуть,покупательный,0
2258,проверка,поверка,1
2259,гуманизм,гуманность,1
2260,коллекторский,коллекторный,1
2261,безголосый,безголосный,1
2262,связываться,дипломатика,0
2263,веселить,веселеть,1
2264,законодательский,законодательный,1
2265,барственный,барский,1
2266,разборчивый,разборочный,1
2267,комфортабельный,комфортный,1
2268,работник,обжорливый,0
2269,ошеек,ошейник,1
2270,вольный,восход,0
2271,молодить,встать,0
2272,действие,действо,1
2273,полемический,полемичный,1
2274,драматичный,драматический,1
2275,классовый,классный,1
2276,враждебный,вражеский,1
2277,кондукторный,кондукторский,1
2278,штатский,штатный,1
2279,стряхнуть,отряхнуть,1
2280,временник,командированный,0
2281,подголовник,подголовок,1
2282,оцепенить,оцепенеть,1
2283,антагонистичный,шумный,0
2284,обесплодить,обесплодеть,1
2285,эффектность,эффективность,1
2286,крючкотворный,полемичный,0
2287,формат,холодеть,0
2288,упоминание,напоминание,1
2289,добычливый,иждивенчество,0
2290,вклад,обжорливый,0
2291,игральный,игорный,1
2292,одиночный,одинокий,1
2293,холопий,холопский,1
2294,зло,однорукий,0
2295,уклонение,гашенный,0
2296,конный,конский,1
2297,трагический,трагичный,1
2298,заполнить,орлиный,0
2299,гуманность,произнесение,0
2300,нетерпимый,нестерпимый,1
2301,понедельный,понедельничный,1
2302,проблемный,дефектный,0
2303,англиканский,английский,1
2304,почтительный,почтенный,1
2305,газовик,жалостливо,0
2306,поиски,проступок,0
2307,единоверческий,эскалатор,0
2308,демократичный,завоевательский,0
2309,раскрытие,разный,0
2310,подстричь,постричь,1
2311,добровольный,двойственный,0
2312,наедине,активировать,0
2313,благодарный,цельный,0
2314,шуточный,экспонент,0
2315,гражданский,бобр,0
2316,преставиться,представиться,1
2317,звуковой,звучный,1
2318,лобовой,седельный,0
2319,шнурок,шнуровка,1
2320,добрый,порумянить,0
2321,приобретательский,приобретательный,1
2322,опасный,разодеть,0
2323,глупеть,глупить,1
2324,ненаглядный,неоглядный,1
2325,деспотизм,окаменеть,0
2326,благоустройство,величественный,0
2327,поступить,жилищный,0
2328,проделка,подделка,1
2329,гнилостный,беженец,0
2330,желанный,изыскательский,0
2331,сыскать,поручительный,0
2332,двоякий,дипломант,0
2333,изуверный,проглотить,0
2334,сметливый,конфузно,0
2335,стать,цветовой,0
2336,пристойно,достойно,1
2337,старый,червы,0
2338,удальской,спасательный,0
2339,ошейник,ошеек,1
2340,обессилеть,воинский,0
2341,осветить,вассальный,0
2342,огородить,могильник,0
2343,бедный,архаичный,0
2344,старательский,старательный,1
2345,булавчатый,булавочный,1
2346,благотворный,благотворительный,1
2347,волосистый,военный,0
2348,обличительский,годовой,0
2349,дармоедный,гостинный,0
2350,добровольческий,добровольный,1
2351,хлеборобский,истеричный,0
2352,подбородок,подбородник,1
2353,отговорка,оговорка,1
2354,демонстрационный,зрительский,0
2355,проблематичный,проблемный,1
2356,флегматический,флегматичный,1
2357,дисгармония,гармония,1
2358,звучный,звуковой,1
2359,остеклить,остеклеть,1
2360,строительский,обезглаветь,0
2361,гарантийный,гарантированный,1
2362,удвоенный,хлеборобский,0
2363,ящер,светлить,0
2364,безыскусственный,безыскусный,1
2365,варёный,расточительный,0
2366,оклик,старинный,0
2367,заблуждаться,пастуший,0
2368,волосистый,волосатый,1
2369,горный,горний,1
2370,гуманистический,гуманный,1
2371,цветной,цветовой,1
2372,изобретательский,изобретательный,1
2373,крестный,четырёхрукий,0
2374,отклонение,схоластичный,0
2375,варёный,осудить,0
2376,спускной,информация,0
2377,добавить,прибавить,1
2378,безграничный,неограниченный,1
2379,гнездо,столярный,0
2380,единоверный,сытный,0
2381,шумовой,шумный,1
2382,обесплодить,продуктовый,0
2383,борзый,академический,0
2384,схематичный,схематический,1
2385,завидливый,обжорливый,0
2386,охотно,охотливо,1
2387,художнический,художественный,1
2388,отметка,отмета,1
2389,политичный,политический,1
2390,простудный,простудливый,1
2391,проповеднический,проповедничий,1
2392,непонятливо,непонятно,1
2393,систематический,системный,1
2394,зубовой,зубной,1
2395,высокий,высотный,1
2396,встать,стать,1
2397,чернить,чернеть,1
2398,невежа,фантастичный,0
2399,эфирный,эфемерный,1
2400,садовничий,садовнический,1
2401,обезрыбить,дисквалификация,0
2402,жалостный,жалостливый,1
2403,шлифовальщик,взыскательный,0
2404,решительность,вассальский,0
2405,приютский,термальный,0
2406,романтичный,летательный,0
2407,гашёный,каменистый,0
2408,проглотить,опасливо,0
2409,неудачливый,жилищный,0
2410,разночинский,разночинный,1
2411,густить,благодарственный,0
2412,ремесленнический,аллегоричный,0
2413,искусный,искусственный,1
2414,воскрешать,чеканочный,0
2415,предоставление,монтаж,0
2416,акселерат,зеленеть,0
2417,ледовый,ледяной,1
2418,совестливо,совестно,1
2419,динамизм,динамика,1
2420,шляпный,шляпочный,1
2421,беженец,беглец,1
2422,скарпель,скальпель,1
2423,в общем,безответный,0
2424,словарный,разграничить,0
2425,лесистый,грозовой,0
2426,столярский,столярный,1
2427,стрелочный,стрелчатый,1
2428,осветитель,осветлитель,1
2429,романтический,романтичный,1
2430,породить,двойственный,0
2431,протрезвить,критический,0
2432,тяготить,деспотия,0
2433,великанский,гнуткий,0
2434,мороженый,морозный,1
2435,вожделеющий,вожделенный,1
2436,игорный,игральный,1
2437,графичный,графический,1
2438,централизованный,центральный,1
2439,величина,величие,1
2440,рыбный,здравница,0
2441,приметный,заводской,0
2442,одноручный,однорукий,1
2443,поэтический,поэтичный,1
2444,бездельница,драматический,0
2445,вздеть,обезлюдить,0
2446,движитель,гарантированный,0
2447,бабский,праздничный,0
2448,поиски,временщик,0
2449,обзолотить,отбойник,0
2450,эфемерный,эфирный,1
2451,источник,исток,1
2452,цепенить,производственный,0
2453,побуждать,охотно,0
2454,подживлять,индийский,0
2455,желтить,желтеть,1
2456,кулачный,кулацкий,1
2457,анекдотический,теоретический,0
2458,молодить,дурить,0
2459,масленый,ремесленный,0
2460,обезглавить,обезглаветь,1
2461,отчётный,отчётливый,1
2462,венерический,аллегоричный,0
2463,непонятливый,непонятный,1
2464,настоятельный,волнительный,0
2465,доминантовый,доминантный,1
2466,оформительный,обвязать,0
2467,камчатный,Камчатский,1
2468,золотить,ошейник,0
2469,переродниться,переродиться,1
2470,подстричь,светить,0
2471,сыто,сытно,1
2472,токсический,токсичный,1
2473,элитный,элитарный,1
2474,метод,методика,1
2475,юмористика,юмористка,1
2476,сапожничий,допущение,0
2477,гнилой,грамматический,0
2478,сталактит,озлить,0
2479,синить,синеть,1
2480,благодарный,зрительный,0
2481,отходчивый,отходный,1
2482,обезземелить,обезземелеть,1
2483,остепенеть,остепенить,1
2484,черви,воскресать,0
2485,комический,комичный,1
2486,орлиный,орлёный,1
2487,строительский,строительный,1
2488,разный,различный,1
2489,громкий,громовой,1
2490,самодурный,праздничный,0
2491,узорный,узорчатый,1
2492,зеленеть,праздный,0
2493,антрацитный,антрацитовый,1
2494,анархический,анархичный,1
2495,простак,простец,1
2496,тюленевый,духовность,0
2497,испытательный,отметка,0
2498,дидактичный,дидактический,1
2499,оклик,вырастить,0
2500,искусственный,искусный,1
2501,холодеть,холодить,1
2502,сладко,сладостно,1
2503,вечный,складной,0
2504,борзый,борзой,1
2505,собирательский,глиняный,0
2506,представить,советчик,0
2507,ювелирский,ювелирный,1
2508,выбор,обличительский,0
2509,взрослить,взрослеть,1
2510,праздничный,гарантированный,0
2511,мороженый,подрядческий,0
2512,наследственный,наследный,1
2513,распутница,изнашиваемость,0
2514,пионерский,пионерный,1
2515,теоретический,веселеть,0
2516,клюв,клёв,1
2517,информированность,фантазёрство,0
2518,парламентёрский,парламентский,1
2519,деспотия,величественный,0
2520,глубинный,дерзить,0
2521,просительский,просительный,1
2522,технологический,технологичный,1
2523,популистский,кормильщица,0
2524,взбежать,вбежать,1
2525,доходный,владеть,0
2526,безумство,чеканный,0
2527,довольство,кожный,0
2528,беглец,жалостливо,0
2529,нарастить,вырастить,1
2530,дивизия,дивизион,1
2531,малахитовый,удачливо,0
2532,здравица,здравница,1
2533,сталагмит,сталактит,1
2534,раковый,скобочный,0
2535,одинокий,одиночный,1
2536,логический,логичный,1
2537,неприглядный,непроглядный,1
2538,крестный,шутливый,0
2539,отборочный,отборный,1
2540,обличительский,обличительный,1
2541,обеднить,обеднеть,1
2542,лесистый,лесной,1
2543,удачливый,оглупеть,0
2544,концепция,концепт,1
2545,клёв,клюв,1
2546,отходный,отходчивый,1
2547,настигать,чиновничий,0
2548,наёмный,наёмничий,1
2549,соседний,соседский,1
2550,именной,перепончатый,0
2551,цепенеть,мелкотравный,0
2552,исходящий,исходный,1
2553,глубинный,подпятник,0
2554,сдержать,выдержать,1
2555,симпатический,симпатичный,1
2556,церковнический,церковничий,1
2557,гоночный,гончий,1
2558,подхалимный,подхалимский,1
2559,доходить,неприметный,0
2560,тупить,декорационный,0
2561,анекдотичный,анекдотический,1
2562,высший,варение,0
2563,обезглаветь,гарантированный,0
2564,тяжкий,мужицкий,0
2565,шнуровка,шнурок,1
2566,искусственный,переродниться,0
2567,естество,производство,0
2568,напоминание,упоминание,1
2569,усатый,усастый,1
2570,восход,всход,1
2571,опытнический,опытный,1
2572,депрессия,репрессия,1
2573,озлеть,дыбом,0
2574,бесчувственность,бесчувствие,1
2575,слоновый,выгодность,0
2576,сыто,фееричный,0
2577,оцепенеть,военный,0
2578,светлить,светить,1
2579,оборотливый,оборотный,1
2580,хвостистый,стяжательный,0
2581,рыбак,сладостный,0
2582,угодливо,угодно,1
2583,освоить,высокий,0
2584,однокоренной,однокорневой,1
2585,держать,тактичный,0
2586,досадливый,шелковый,0
2587,заразный,взрослеть,0
2588,юмористичный,болезный,0
2589,содержать,держать,1
2590,сводный,сводчатый,1
2591,прервать,порвать,1
2592,зубы,симптоматический,0
2593,вступить,поступить,1
2594,эффектность,тематика,0
2595,отрешение,вырастить,0
2596,оболванеть,могущественный,0
2597,чувствительный,чувственный,1
2598,исполнительный,исполнительский,1
2599,осиротить,осиротеть,1
2600,глубокий,желательный,0
2601,озлить,горний,0
2602,черкеска,черкешенка,1
2603,анекдотический,мельничный,0
2604,критический,критичный,1
2605,коллекторный,иноверческий,0
2606,неизмеримый,несоизмеримый,1
2607,певческий,певчий,1
2608,сладостно,сладко,1
2609,словесный,словарный,1
2610,дефектный,сапожничий,0
2611,отборный,склочнический,0
2612,подвижный,подвижнический,1
2613,психологический,артистический,0
2614,гневный,гневливый,1
2615,одышка,благоустроенность,0
2616,артистический,артистичный,1
2617,героизм,камчатный,0
2618,лирик,лирник,1
2619,художественный,дельфиновый,0
2620,венерологический,эстетский,0
2621,Атлантика,эскалатор,0
2622,сопротивление,сопротивляемость,1
2623,циклический,цикличный,1
2624,патриотический,патриотичный,1
2625,гигиеничный,гигиенический,1
2626,романтический,ящер,0
2627,абонент,абонемент,1
2628,обезрыбить,обезрыбеть,1
2629,столовый,столовский,1
2630,бурав,бур,1
2631,инновация,новация,1
2632,остеклить,белеть,0
2633,неудачливый,неудачный,1
2634,безликий,кожаный,0
2635,почтенный,приобретательный,0
2636,выжидающий,пополнить,0
2637,братский,братний,1
2638,критичный,критический,1
2639,воспитательский,трубочный,0
2640,драматический,поедим,0
2641,лобный,лобовой,1
2642,Атлантида,жилой,0
2643,простудный,прозаический,0
2644,клетчатый,комфортабельный,0
2645,главный,отрывок,0
2646,исполнительский,исполнительный,1
2647,изначально,вначале,1
2648,завоевательский,изобретательский,0
2649,озлеть,керосинный,0
2650,политичный,искусно,0
2651,восприемник,охладеть,0
2652,чародейский,чародейный,1
2653,фазаний,фазановый,1
2654,вакансия,вакация,1
2655,схематический,холодить,0
2656,вышний,высший,1
2657,технический,техничный,1
2658,враждебный,завидливый,0
2659,остепенить,остепенеть,1
2660,вольный,произвольный,1
2661,огласка,гласность,1
2662,раскольнический,нестерпимо,0
2663,вспрыгнуть,бедняк,0
2664,обрывчатый,перетерпеть,0
2665,керосиновый,прозаичный,0
2666,гнилостный,гнилой,1
2667,аккордовый,аккордный,1
2668,воскрешать,конфузливо,0
2669,Финско-,Финно-,1
2670,зрительный,зрительский,1
2671,понимание,взаимопонимание,1
2672,интеллигентный,ящер,0
2673,узорный,дармоедный,0
2674,сатирический,сатиричный,1
2675,чародейный,чародейский,1
2676,безумство,поиски,0
2677,молодеть,молодить,1
2678,грозный,грозовой,1
2679,зубной,зубовой,1
2680,сыто,обрывок,0
2681,гончарский,анархичный,0
2682,дефективный,дефектный,1
2683,двинуть,аллегри,0
2684,центральный,централизованный,1
2685,складной,складской,1
2686,маститый,ребристый,0
2687,приметать,примотать,1
2688,отклик,оклик,1
2689,хлебопашенный,типический,0
2690,яблоневый,заботный,0
2691,техничный,поспешный,0
2692,тесёмочный,тесёмчатый,1
2693,кабинетный,кабинетский,1
2694,эстетический,дворовый,0
2695,чувственный,единый,0
2696,одновременный,масленый,0
2697,штурмовик,штурмовщик,1
2698,луковичный,луковый,1
2699,цветовой,цветной,1
2700,пастушок,пастушонок,1
2701,упадочный,комичный,0
2702,сытый,сытный,1
2703,неизмеримый,скарпель,0
2704,юмореска,юмористка,1
2705,истеричный,отклонение,0
2706,особенный,особый,1
2707,оклик,отклик,1
2708,зерновой,кардинальский,0
2709,варёный,сыто,0
2710,яблоневый,яблочный,1
2711,защитительный,защитный,1
2712,перепончатый,симптоматический,0
2713,педагогический,скотный,0
2714,шелковистый,шелковый,1
2715,простец,простак,1
2716,малоудачный,малоудачливый,1
2717,фазаний,приютный,0
2718,тюленевый,тюлений,1
2719,обвязать,аккордный,0
2720,черепаший,сетчатый,0
2721,деспотизм,деспотия,1
2722,пионерный,коренной,0
2723,отплатить,масличный,0
2724,акционерский,акционерный,1
2725,акселерат,акселератор,1
2726,конфузливо,конфузно,1
2727,оппортунистичный,оппортунистический,1
2728,швейцарец,швейцар,1
2729,поступить,сломанный,0
2730,эскалатор,ящур,0
2731,поглотить,проглотить,1
2732,гармоничный,гармонический,1
2733,ныне,нынче,1
2734,звериный,налагать,0
2735,опасливо,опасно,1
2736,рогастый,зрительский,0
2737,ябедливый,ябедный,1
2738,гражданский,гражданственный,1
2739,англиканский,расточительский,0
2740,ябедный,хвостистский,0
2741,собирательский,собирательный,1
2742,умственный,умный,1
2743,воедино,ювелирный,0
2744,непроглядный,неприглядный,1
2745,ящур,ящер,1
2746,притязательный,истребительный,0
2747,взвалить,ввалить,1
2748,тесёмчатый,тесёмочный,1
2749,эстетский,эстетный,1
2750,описка,производный,0
2751,могильщик,вегетационный,0
2752,изыскательский,поместиться,0
2753,авантюрин,авантюрист,1
2754,чеканный,натуралистический,0
2755,догматичный,сравнительный,0
2756,докучно,докучливо,1
2757,иронический,одышка,0
2758,земной,понятливый,0
2759,гончий,гоночный,1
2760,дерзить,дерзать,1
2761,крестный,отряхнуть,0
2762,желтить,фабрикант,0
2763,ванная,ванна,1
2764,вариант,цветы,0
2765,останки,диктант,0
2766,седельный,полемичный,0
2767,знамя,одышка,0
2768,горючий,горячий,1
2769,инородный,оппортунистичный,0
2770,заботливый,заботный,1
2771,энциклопедичный,энциклопедический,1
2772,ветряной,тяжко,0
2773,добычливый,каменистый,0
2774,ловкий,ловчий,1
2775,аспират,аспирант,1
2776,двуручный,двурушный,1
2777,домоуправление,домоправление,1
2778,фактический,фактичный,1
2779,удальской,удалой,1
2780,неприметный,неприметливый,1
2781,вражеский,враждебный,1
2782,оделить,артистический,0
2783,тупить,существо,0
2784,просветительный,деспотический,0
2785,симптоматичный,симптоматический,1
2786,изыскательный,изыскательский,1
2787,отбойщик,отбойник,1
2788,пластиночный,абонемент,0
2789,пастель,натуралистический,0
2790,разборчивый,воедино,0
2791,керосинный,керосиновый,1
2792,могильщик,завидный,0
2793,естественность,естество,1
2794,темнеть,реабилитированный,0
2795,школьнический,школьный,1
2796,наличие,наличность,1
2797,инородный,инородческий,1
2798,четырёхручный,охватить,0
2799,чудный,микроскопичный,0
2800,невиновный,полис,0
2801,переливчатый,генеральный,0
2802,мужичий,мужицкий,1
2803,героика,героизм,1
2804,проглотить,поглотить,1
2805,шуточный,экзерциции,0
2806,цветы,вакансия,0
2807,доверчивый,громкий,0
2808,правительский,венок,0
2809,варение,кабинетный,0
2810,четырёхрукий,четырёхручный,1
2811,седельный,зубной,0
2812,Камчатский,камчатный,1
2813,опытный,опытнический,1
2814,изношенность,изнашиваемость,1
2815,виновный,виноватый,1
2816,жёсткий,жестокий,1
2817,гармоничный,чудный,0
2818,варение,варенье,1
2819,системный,стрелец,0
2820,акционерский,экологический,0
2821,деловой,рыболовецкий,0
2822,сочинительный,расчётный,0
2823,оградить,крючкотворский,0
2824,охотливо,отборник,0
2825,доверительность,доверие,1
2826,ввалить,взвалить,1
2827,узорный,нестерпимый,0
2828,безголосный,безголосый,1
2829,школьный,школьнический,1
2830,абонемент,начертать,0
2831,зубастый,зубатый,1
2832,вбить,дурить,0
2833,рожать,упадочный,0
2834,подхалимский,жалостно,0
2835,экологический,черепаховый,0
2836,мелодраматичный,гадательный,0
2837,автобиографичный,поспешливый,0
2838,пастушеский,мелодраматический,0
2839,редеть,редить,1
2840,экзерсисы,экзерциции,1
2841,непроницательный,непроницаемый,1
2842,ванная,проблемный,0
2843,мифический,малахитовый,0
2844,громкий,перепончатый,0
2845,стяжательский,стяжательный,1
2846,зернистый,зерновой,1
2847,яблочный,автоматичный,0
2848,завидный,завидливый,1
2849,мечтательный,мечтательский,1
2850,пластиночный,пластинчатый,1
2851,изыскательный,группировка,0
2852,квадрат,возмущённый,0
2853,измышление,вымысел,1
2854,непроницаемый,непроницательный,1
2855,избирательный,избирательский,1
2856,иголочный,неврастеничный,0
2857,духовой,духовный,1
2858,полюс,статичный,0
2859,акуловый,акулий,1
2860,садовнический,яростный,0
2861,спасательный,защитительный,0
2862,натуралистический,гадательный,0
2863,склочный,склочнический,1
2864,соляровый,солярный,1
2865,чиновницкий,чиновничий,1
2866,сталагмит,седельчатый,0
2867,натуралистический,натуралистичный,1
2868,тяжкий,тягостный,1
2869,оживать,оживлять,1
2870,обязать,ювелирный,0
2871,выплатить,заплатить,1
2872,коричневый,тесёмчатый,0
2873,великаний,осветлить,0
2874,сытный,сытый,1
2875,удачливо,удачно,1
2876,пластичный,дипломат,0
2877,тяготеть,тяготить,1
2878,искусно,искусственно,1
2879,вдохнуть,вязаться,0
2880,всход,однокоренной,0
2881,иструхлявить,обезлошадить,0
2882,столярный,синеть,0
2883,приютский,уклоняться,0
2884,сыто,акуловый,0
2885,пьянеть,незаметливый,0
2886,подбородник,гордый,0
2887,гусачий,гусячий,1
2888,поместить,разместить,1
2889,склочный,романтический,0
2890,мечтательский,темнеть,0
2891,вариант,гашенный,0
2892,проступок,циклический,0
2893,коптить,нафталин,0
2894,дипломатический,садовничий,0
2895,стрелчатый,стрелочный,1
2896,тема,безголосный,0
2897,мастистый,маститый,1
2898,садовнический,аристократичный,0
2899,взбить,вбить,1
2900,обделить,оделить,1
2901,термический,термальный,1
2902,четырёхручный,ближний,0
2903,взойти,войти,1
2904,неудачный,неудачливый,1
2905,приметливый,рогатый,0
2906,накрапливать,накрапывать,1
2907,инвариант,вариант,1
2908,коричневый,изучить,0
2909,оформительский,шлифовальник,0
2910,женский,женственный,1
2911,скобчатый,игристый,0
2912,трубчатый,аспирант,0
2913,мудреть,дегенерация,0
2914,кабинетский,кабинетный,1
2915,остатки,аллегорический,0
2916,рогатый,доходить,0
2917,единичный,одиночный,1
2918,дедовский,вспыльчивость,0
2919,избирательский,избирательный,1
2920,братский,демократичность,0
2921,декларативный,тесёмочный,0
2922,обезрыбеть,обезрыбить,1
2923,дипломатический,чудный,0
2924,Арктика,Антарктика,1
2925,юмористика,упоминание,0
2926,сценический,сценичный,1
2927,цветистый,цветастый,1
2928,гнездо,гнездовье,1
2929,шумный,неграмотный,0
2930,проступок,вакация,0
2931,аристократичный,экономика,0
2932,достигать,настигать,1
2933,полюс,полис,1
2934,коптеть,эскалатор,0
2935,нафталан,нафталин,1
2936,хлебопашеский,хлебопашенный,1
2937,тактический,тактичный,1
2938,жилой,жилищный,1
2939,крючкотворский,описка,0
2940,притязательный,искусный,0
2941,домоправление,четырёхручный,0
2942,обладать,червиветь,0
2943,осветлить,осветить,1
2944,демократический,единичный,0
2945,в общем,вообще,1
2946,мистичный,мистический,1
2947,надбавка,настоятельный,0
2948,черствить,черстветь,1
2949,соседский,оделить,0
2950,гнилостный,гагарий,0
2951,бобр,бобёр,1
2952,сводчатый,атака,0
2953,лобовой,домоправление,0
2954,бабий,бабский,1
2955,выдача,подача,1
2956,выжидающий,выжидательный,1
2957,каменный,провиниться,0
2958,остервенеть,остервенить,1
2959,авторитетный,садовнический,0
2960,отбойник,гончий,0
2961,дымовой,дымный,1
2962,плавни,плавки,1
2963,гадательный,гадальный,1
2964,инженерный,жалостливый,0
2965,восполнить,заживлять,0
2966,испытательский,испытательный,1
2967,двурушный,двуручный,1
2968,возмущённый,понедельничный,0
2969,гнездовье,женский,0
2970,приветственный,приветный,1
2971,черкешенка,упоминание,0
2972,гигиенический,эстетный,0
2973,прозаичный,явный,0
2974,воскрешать,кулачный,0
2975,цветной,клетчатый,0
2976,измышление,ближний,0
2977,достоинство,достояние,1
2978,столовский,столовый,1
2979,певчий,певческий,1
2980,грецкий,заблудиться,0
2981,сметный,непонятно,0
2982,экологический,воскресение,0
2983,наследство,наследие,1
2984,овчарка,овчарня,1
2985,пропавший,пропащий,1
2986,академичный,академический,1
2987,индейский,индийский,1
2988,яростный,ярый,1
2989,лиричный,эффективность,0
2990,съёмный,съёмочный,1
2991,гостинный,терпимость,0
2992,аспират,рисковой,0
2993,запасливый,запасный,1
2994,непонятный,шершавить,0
2995,дипломант,героика,0
2996,приглядливый,приглядный,1
2997,трубочный,английский,0
2998,доверчивый,венок,0
2999,реабилитационный,реабилитированный,1
3000,защитный,ребрастый,0
3001,обстоятельственный,популярный,0
3002,вздох,отдышка,0
3003,нестерпимый,вздеть,0
3004,временный,временной,1
3005,бунтарь,схоластичный,0
3006,подголовок,подголовник,1
3007,грибковое,грибное,1
3008,обеднеть,обеднить,1
3009,догматический,произвольный,0
3010,непроницаемый,мужицкий,0
3011,изначально,человечий,0
3012,старый,старинный,1
3013,ремесленный,ремесленнический,1
3014,мелодия,темнеть,0
3015,достоинство,червить,0
3016,маститый,бережность,0
3017,лакированный,лакировочный,1
3018,грамматический,грамматичный,1
3019,беззаконность,вязаться,0
3020,преемник,восприемник,1
3021,огородить,искательный,0
3022,великаний,заживлять,0
3023,всяческий,всякий,1
3024,воскресать,выдача,0
3025,бур,приютный,0
3026,бородастый,просительский,0
3027,уклоняться,газовщик,0
3028,полемический,рисковой,0
3029,корневой,седельный,0
3030,сыскать,складской,0
3031,квадрант,квадрат,1
3032,вафельница,вакхальный,0
3033,крёстный,крестный,1
3034,озолотить,озолотеть,1
3035,артельный,однообразие,0
3036,насильно,насильственно,1
3037,запасный,запасный,0
3038,протрезветь,соляровый,0
3039,единый,единственный,1
3040,содержать,упадочный,0
3041,фееричный,лесной,0
3042,темь,реалистичный,0
3043,мечтательский,мечтательный,1
3044,скальпель,скарпель,1
3045,атака,мастистый,0
3046,бродячий,озолотить,0
3047,метафизический,метафизичный,1
3048,претерпеть,перетерпеть,1
3049,генеральный,генеральский,1
3050,мелодичный,антрацитный,0
3051,взбежать,доходный,0
3052,холодильник,холодильщик,1
3053,двойняшки,порвать,0
3054,настоятельный,борзый,0
3055,аккордный,аккордовый,1
3056,вафельщица,вафельница,1
3057,героика,летальный,0
3058,одновременный,единовременный,1
3059,днище,деспотизм,0
3060,тень,ненаглядный,0
3061,антипатичный,антипатический,1
3062,травматический,травматологический,1
3063,единственный,тяжкий,0
3064,экономский,палаточный,0
3065,женственный,выбор,0
3066,поступок,проступок,1
3067,жалостливо,жалостно,1
3068,мистичный,тематика,0
3069,авантюрист,регенерация,0
3070,всякий,почтенный,0
3071,хватский,хваткий,1
3072,повиниться,густеть,0
3073,драматический,драматичный,1
3074,добычливый,дивизия,0
3075,соляровый,иголочный,0
3076,зеленеть,зеленить,1
3077,отписка,гагаровый,0
3078,бобёр,бобр,1
3079,оболванить,комитент,0
3080,художественный,художнический,1
3081,возмутительный,наполнить,0
3082,учредительный,сравнимый,0
3083,пластичный,пластический,1
3084,гигиенический,гигиеничный,1
3085,съёмочный,фееричный,0
3086,практический,практичный,1
3087,домовой,живой,0
3088,полемичный,полемический,1
3089,двинуть,сдвинуть,1
3090,автономия,регенерация,0
3091,статичный,статический,1
3092,поступить,вступить,1
3093,ненавистнический,фиеста,0
3094,вегетативный,вегетационный,1
3095,техничный,атавистичный,0
3096,пылкость,красочный,0
3097,обессилить,купальник,0
3098,волнительный,волнующий,1
3099,швейцарец,величие,0
3100,бунтовщик,полнить,0
3101,беглец,пастуший,0
3102,активировать,активизировать,1
3103,густить,пророческий,0
3104,деспотический,деспотичный,1
3105,ловкий,экскаватор,0
3106,фланельный,фланелевый,1
3107,астматичный,астматический,1
3108,простецкий,простацкий,1
3109,аспирант,выжидательный,0
3110,чернеть,чернить,1
3111,оживлять,демократия,0
3112,кардинальный,венец,0
3113,фён,фен,1
3114,чудаческий,чудацкий,1
3115,органичный,органический,1
3116,неорганический,неорганичный,1
3117,царственный,дарственная,0
3118,вспоминать,поминать,1
3119,деловитый,поместиться,0
3120,оживлять,оживать,1
3121,иструхлявить,иструхляветь,1
3122,представительский,понедельничный,0
3123,выбор,подбор,1
3124,главный,заглавный,1
3125,вакация,вакансия,1
3126,ригористический,ригористичный,1
3127,ординарческий,педагогический,0
3128,ограничение,нетерпимый,0
3129,бездельница,безделица,1
3130,деспотизм,автоматичный,0
3131,пометка,сводчатый,0
3132,педагогический,черви,0
3133,тряхнуть,встряхнуть,1
3134,обессилеть,на дыбы,0
3135,исходный,пастушок,0
3136,проследовать,кондукторный,0
3137,генеральный,понедельничный,0
3138,разборчивый,искусственно,0
3139,масленый,масличный,1
3140,густить,густеть,1
3141,юмористка,юмористика,1
3142,автономия,сдержать,0
3143,Ганнибал,камчатный,0
3144,сравнимый,оживлять,0
3145,подрядный,доверчивый,0
3146,методика,метод,1
3147,воскресение,воскресенье,1
3148,юродивый,группа,0
3149,аллегорический,аллегоричный,1
3150,эффектный,опечатки,0
3151,вскрытие,водный,0
3152,изверуский,изуверный,1
3153,городовой,городничий,1
3154,газовщик,газовик,1
3155,эстетический,веселить,0
3156,разборочный,разборчивый,1
3157,кормилица,кормильщица,1
3158,трубчатый,действительный,0
3159,последовать,проследовать,1
3160,вздеть,вдеть,1
3161,леденеть,аргонавт,0
3162,ответный,породить,0
3163,легальный,взбитый,0
3164,масленый,фееричный,0
3165,тупить,тупеть,1
3166,полнеть,телевизионщик,0
3167,тяготить,днище,0
3168,безличный,безликий,1
3169,поворотливый,поворотный,1
3170,безголосый,сапожничий,0
3171,лобный,неграмотный,0
3172,описка,отписка,1
3173,фанатический,фанатичный,1
3174,дельфиний,дельфиновый,1
3175,ненавистный,ящер,0
3176,разграничить,отграничить,1
3177,гордость,различный,0
3178,ветряной,гостинный,0
3179,обоснование,основание,1
3180,червы,метафизический,0
3181,просёлок,именитый,0
3182,произношение,остепенить,0
3183,обжорливый,обжорный,1
3184,вечный,вязаться,0
3185,скотский,скотный,1
3186,пророчественный,тень,0
3187,демократичный,демократический,1
3188,английский,англиканский,1
3189,вбежать,российский,0
3190,цветистый,опасливый,0
3191,пуганый,выучить,0
3192,человечный,преобразовательный,0
3193,чудацкий,графический,0
3194,взбить,комичный,0
3195,психологичный,удачно,0
3196,наёмничий,наёмный,1
3197,популярный,популистский,1
3198,стрелок,стрелец,1
3199,решимость,решительность,1
3200,произношение,зрительский,0
3201,интернет,подрядческий,0
3202,мифичный,мифический,1
3203,наследие,наследство,1
3204,сметный,сметливый,1
3205,годовалый,годовой,1
3206,черепаховый,черепаший,1
3207,коричневый,вассальский,0
3208,спасательный,двойственный,0
3209,экономия,экономика,1
3210,злой,злостный,1
3211,теоретичный,раздеть,0
3212,вспрыгнуть,впрыгнуть,1
3213,вдовий,педагогический,0
3214,клетчатый,клеточный,1
3215,наполнить,пополнить,1
3216,царский,полис,0
3217,псарский,псарный,1
3218,обезрыбить,блудить,0
3219,интеллигентский,пропавший,0
3220,всякий,всяческий,1
3221,стеклеть,стеклить,1
3222,жалостный,увёртываться,0
3223,явно,чубатый,0
3224,тактичный,могучий,0
3225,праздный,праздничный,1
3226,оппортунистический,клетчатый,0
3227,ординарческий,покупательский,0
3228,запасный,фантазирование,0
3229,невинный,останки,0
3230,вечерня,вечеря,1
3231,выгодность,докучливый,0
3232,разливчатый,разливочный,1
3233,затруднительный,затруднённый,1
3234,варёный,варенный,1
3235,звериный,зверский,1
3236,действительный,ювелирский,0
3237,отречение,затруднительный,0
3238,редить,редеть,1
3239,акселератор,акселерат,1
3240,опасливый,опасный,1
3241,концепт,палатный,0
3242,учредительский,ветряной,0
3243,докучливо,докучно,1
3244,отбойник,отбойщик,1
3245,выплатить,подвижный,0
3246,перепончатый,перепоночный,1
3247,ярый,яростный,1
3248,варкий,варочный,1
3249,угодно,угодливо,1
3250,диалект,диалектизм,1
3251,соседний,простудливый,0
3252,бедственный,методистский,0
3253,проблематичный,безответный,0
3254,комитет,комитент,1
3255,увёртываться,вывёртываться,1
3256,отборочный,чародейный,0
3257,истребительный,истребительский,1
3258,темнить,опечатки,0
3259,проблематичный,дерзить,0
3260,красочный,крашеный,1
3261,педагогический,порвать,0
3262,терпимость,энциклопедичный,0
3263,купальник,купальщик,1
3264,исходный,притязательный,0
3265,здравница,вечерня,0
3266,тема,пакостливый,0
3267,терпеливость,сеточный,0
3268,чародейский,благодарный,0
3269,темнеть,темнить,1
3270,стихотворный,сломанный,0
3271,взвесить,нарастить,0
3272,блуждать,абстракция,0
3273,Камчатский,совестливо,0
3274,неврастеничный,неврастенический,1
3275,крашеный,нетерпимо,0
3276,производительность,гадательный,0
3277,настоятельский,воскресение,0
3278,логичный,логический,1
3279,отдышка,одышка,1
3280,упадочнический,желательный,0
3281,астронавт,аргонавт,1
3282,взрослеть,взрослить,1
3283,демобилизировать,гадальный,0
3284,произнесение,произношение,1
3285,факт,мужичий,0
3286,овчарка,невежа,0
3287,экономный,экономский,1
3288,фееричный,феерический,1
3289,униженный,унизительный,1
3290,великий,величественный,1
3291,всход,угодный,0
3292,типичный,цветы,0
3293,поедем,поедим,1
3294,энциклопедичный,просветительский,0
3295,демобилизировать,бездельница,0
3296,высший,ригористический,0
3297,аллегро,шефствовать,0
3298,оцепенеть,сценический,0
3299,обезлошадить,обезлошадеть,1
3300,Финно-,Финско-,1
3301,отчётный,переливчатый,0
3302,злостно,тупеть,0
3303,действо,фиеста,0
3304,невежа,невежда,1
3305,съёмный,доминантовый,0
3306,кожаный,сетчатый,0
3307,гнездовье,начертить,0
3308,бывший,пастель,0
3309,гуманность,гуманизм,1
3310,кабинетский,кулацкий,0
3311,стекольный,стеклянный,1
3312,борзой,борзый,1
3313,подбор,гидрант,0
3314,удачно,гарантийный,0
3315,луковый,луковичный,1
3316,порумянеть,порумянить,1
3317,породнить,изобретательский,0
3318,травматологический,представительский,0
3319,воинственный,воинствующий,1
3320,женственный,женский,1
3321,однорукий,одноручный,1
3322,архаический,правительский,0
3323,подрядческий,подрядный,1
3324,зрительский,зрительный,1
3325,седельный,варкий,0
3326,заразный,двойственный,0
3327,оттирать,отирать,1
3328,летальный,летательный,1
3329,вложение,вклад,1
3330,могильщик,комфортный,0
3331,свесить,взвесить,1
3332,желательный,желанный,1
3333,умный,умственный,1
3334,безответственный,безответный,1
3335,двоичный,двойной,1
3336,оплатить,деляческий,0
3337,аргонавт,астронавт,1
3338,реалистичный,расточительный,0
3339,эффективный,эффектный,1
3340,подпяточник,подпятник,1
3341,однокоренной,обездушеть,0
3342,зубы,кожный,0
3343,непонятливо,технологичный,0
3344,экранировать,экранизировать,1
3345,подхалимский,обхватить,0
3346,благоустроенность,проблематичный,0
3347,соседский,реалистический,0
3348,осветитель,обидчивый,0
3349,критический,тюленевый,0
3350,яростный,отпечатать,0
3351,солитер,солитёр,1
3352,комфортный,простецкий,0
3353,демонстративный,демонстрационный,1
3354,технологичный,кардинальский,0
3355,разливочный,разливчатый,1
3356,неграмотный,черепаховый,0
3357,осветить,запасный,0
3358,яблочный,зачинатель,0
3359,двигатель,гневный,0
3360,иструхляветь,иструхлявить,1
3361,мелодический,гостинный,0
3362,законодательный,величина,0
3363,допущение,допуск,1
3364,бобр,солярный,0
3365,скобочный,скобчатый,1
3366,адресат,зло,0
3367,полис,полюс,1
3368,производственный,гарантийный,0
3369,барственный,греческий,0
3370,мельничий,мельничный,1
3371,лирический,лиричный,1
3372,наблюдательный,наблюдательский,1
3373,элитарный,азарт,0
3374,церковничий,разливчатый,0
3375,духовность,ванная,0
3376,взаимопонимание,старый,0
3377,проповедничий,проповеднический,1
3378,пионерский,тряхнуть,0
3379,ремесленный,классовый,0
3380,потребительный,потребительский,1
3381,кормильщица,памятливый,0
3382,земной,неврастеничный,0
3383,симпатический,наблюдательский,0
3384,акционерский,веселить,0
3385,штатный,штатский,1
3386,дурить,дуреть,1
3387,досадливый,досадный,1
3388,ограниченность,наличность,0
3389,останки,вначале,0
3390,порвать,прервать,1
3391,синеть,синить,1
3392,цельный,целый,1
3393,памятливый,памятный,1
3394,ограничение,ограниченность,1
3395,волнующий,церковничий,0
3396,обездушеть,продуктовый,0
3397,гусячий,поминать,0
3398,элегический,элегичный,1
3399,фазановый,фазаний,1
3400,особенный,представить,0
3401,раздражение,раздражительность,1
3402,безответный,демократичный,0
3403,мелодия,гуманный,0
3404,опытнический,волнующий,0
3405,феерический,фееричный,1
3406,густеть,густить,1
3407,доверительный,доверчивый,1
3408,логический,черепаховый,0
3409,высотный,коптить,0
3410,искательский,искательный,1
3411,расчётный,оживать,0
3412,термальный,будничный,0
3413,историчный,исторический,1
3414,логичный,старый,0
3415,озолотить,благодарственный,0
3416,оформительный,дивизия,0
3417,временник,непроницаемый,0
3418,этичный,распутица,0
3419,вдовый,могучий,0
3420,венец,венок,1
3421,удачный,головашки,0
3422,сборчатый,благоустроенность,0
3423,азартность,азарт,1
3424,надувательский,поместить,0
3425,достояние,достоинство,1
3426,обладать,комитет,0
3427,квадрант,породить,0
3428,экспонент,избирательный,0
3429,седельчатый,безголосый,0
3430,аспирант,удачливый,0
3431,деспотический,головашки,0
3432,дипломатический,дипломатичный,1
3433,певчий,кардинальный,0
3434,достоинство,безделица,0
3435,единовременный,интранет,0
3436,ошейник,метод,0
3437,великаний,великанский,1
3438,шуточный,шутливый,1
3439,экономика,наличие,0
3440,двоякий,двойственный,1
3441,сапожничий,сапожный,1
3442,гнездовье,экологичный,0
3443,конъюнктура,конъектура,1
3444,зеленеть,домовой,0
3445,вздрогнуть,венерический,0
3446,памятливый,мучительный,0
3447,морозный,мороженый,1
3448,хлеборобский,хлеборобный,1
3449,диктант,диктат,1
3450,комфортный,комфортабельный,1
3451,кулацкий,кулачный,1
3452,скарпель,малоудачный,0
3453,опаршивить,опаршиветь,1
3454,двойняшки,двояшки,1
3455,шершаветь,шершавить,1
3456,холопий,временный,0
3457,коптеть,метафизический,0
3458,гадательный,ломать,0
3459,фантазёрство,водный,0
3460,одиночный,единичный,1
3461,стать,мучительский,0
3462,идеалистистический,идеалистичный,1
3463,вегетационный,вегетативный,1
3464,сдвинуть,двинуть,1
3465,царственный,чернить,0
3466,трагичный,трагический,1
3467,поедим,акселератор,0
3468,отборочный,подбородник,0
3469,полнить,полнеть,1
3470,опаршиветь,идиотический,0
3471,всякий,зубовой,0
3472,избирательный,дедовский,0
3473,спускной,спусковой,1
3474,сеточный,сетчатый,1
3475,автоматический,автоматичный,1
3476,наследный,наследственный,1
3477,вожделенный,сломленный,0
3478,скобочный,двоичный,0
3479,гостинный,гостиничный,1
3480,мобилизировать,демобилизировать,1
3481,обесплодеть,акулий,0
3482,ригористичный,заходить,0
3483,оцепенеть,зачинщик,0
3484,борзый,оживлять,0
3485,оплатить,бездельница,0
3486,ненаглядный,обезглавить,0
3487,одиночный,горло,0
3488,царский,чудаческий,0
3489,юмористика,толстить,0
3490,злостный,увёртываться,0
3491,ригористичный,ригористический,1
3492,сладко,домовой,0
3493,могильник,сапожный,0
3494,натуралистичный,натуралистический,1
3495,отмета,симпатичный,0
3496,взрыть,врыть,1
3497,истерический,подживлять,0
3498,схоластический,схоластичный,1
3499,седельный,седельчатый,1
3500,автоматичный,благоустройство,0
3501,лобный,сатирический,0
3502,возраст,теоретичный,0
3503,маститый,мастистый,1
3504,вначале,акселерат,0
3505,усвоить,увеселительный,0
3506,преобразовательский,преобразовательный,1
3507,болотистый,опаршивить,0
3508,информационный,подхалимный,0
3509,ритмичный,цветистый,0
3510,основание,законодательский,0
3511,гнилой,гнилостный,1
3512,кормильщица,притягательный,0
3513,абонемент,абонент,1
3514,беженец,выучить,0
3515,сводчатый,обстоятельный,0
